{
    "training_loss": "[21.073062896728516, 22.813833236694336, 23.754150390625, 24.368934631347656, 24.868867874145508, 25.282264709472656, 25.646099090576172, 25.986125946044922, 26.296550750732422, 25.96042823791504, 25.142526626586914]",
    "training_acc": "[0.499099999666214, 0.6324599981307983, 0.6821600198745728, 0.7156000137329102, 0.736739993095398, 0.7471399903297424, 0.7655799984931946, 0.7739800214767456, 0.7778599858283997, 0.8376399874687195, 0.868340015411377]",
    "val_loss": "[23.667760848999023, 23.714599609375, 25.072078704833984, 25.51725959777832, 25.580774307250977, 26.65482521057129, 27.597675323486328, 27.201034545898438, 27.197418212890625, 26.147750854492188, 25.5302791595459]",
    "val_acc": "[0.17870000004768372, 0.5480999946594238, 0.4794999957084656, 0.49889999628067017, 0.6043000221252441, 0.474700003862381, 0.37689998745918274, 0.5160999894142151, 0.5759999752044678, 0.6732000112533569, 0.6653000116348267]",
    "args": {
        "model": "VGG11",
        "dataset": "cifar10",
        "strategy": "{\"optimizer\": \"sgd\", \"compression\": \"vqsgd\", \"learning_rate\": 0.01, \"repetition\": 10000}",
        "epochs": 50,
        "n_calls": null,
        "stop_patience": 10,
        "lr_decay": 3,
        "k_fold": 1,
        "lambda_l2": 0.007,
        "fullset": 100.0,
        "log": 1,
        "gpu": 1,
        "train_on_baseline": 1,
        "bayesian_search": false
    },
    "compression_rates": [
        40.69734647057088
    ],
    "time_per_epoch": [
        330.5106449127197,
        328.72552967071533,
        342.98400616645813,
        333.3322057723999,
        334.9956018924713,
        346.4907908439636,
        330.0292408466339,
        322.66804814338684,
        323.3391649723053,
        322.72974395751953,
        323.09049224853516
    ],
    "time_per_step": 0.8320214781642542
}