{
    "training_loss": "[21.054950714111328, 22.914201736450195, 23.85899543762207, 24.532405853271484, 25.03551483154297, 25.41851806640625, 25.81867790222168, 26.157400131225586, 26.445512771606445, 26.076902389526367, 25.25306510925293, 24.55133056640625]",
    "training_acc": "[0.49889999628067017, 0.6269599795341492, 0.6780800223350525, 0.7117000222206116, 0.7321000099182129, 0.7518200278282166, 0.7623400092124939, 0.7702199816703796, 0.7820600271224976, 0.8385599851608276, 0.8687999844551086, 0.883620023727417]",
    "val_loss": "[24.013845443725586, 23.812381744384766, 25.231708526611328, 25.695850372314453, 25.93086814880371, 26.209489822387695, 26.74510383605957, 27.563806533813477, 27.16568374633789, 26.087430953979492, 25.486574172973633, 24.882160186767578]",
    "val_acc": "[0.2125999927520752, 0.5317000150680542, 0.4375999867916107, 0.4851999878883362, 0.5551000237464905, 0.5896999835968018, 0.5709999799728394, 0.5023999810218811, 0.6212999820709229, 0.7213000059127808, 0.7098000049591064, 0.6967999935150146]",
    "args": {
        "model": "VGG11",
        "dataset": "cifar10",
        "strategy": "{\"optimizer\": \"sgd\", \"compression\": \"vqsgd\", \"learning_rate\": 0.01, \"repetition\": 10000}",
        "epochs": 50,
        "n_calls": null,
        "stop_patience": 10,
        "lr_decay": 3,
        "k_fold": 1,
        "lambda_l2": 0.007,
        "fullset": 100.0,
        "log": 1,
        "gpu": 1,
        "train_on_baseline": 1,
        "bayesian_search": false
    },
    "compression_rates": [
        40.69734647057088
    ],
    "time_per_epoch": [
        341.5468668937683,
        341.42605113983154,
        342.25945711135864,
        341.7284688949585,
        341.2596800327301,
        330.73135805130005,
        328.89993500709534,
        328.8887228965759,
        330.0652582645416,
        330.3197240829468,
        330.009174823761,
        326.53373622894287
    ],
    "time_per_step": 0.8413890583944036
}