{
    "training_loss": "[24.67119026184082, 29.877464294433594, 32.62965393066406, 34.50295639038086, 35.985721588134766, 37.141517639160156, 38.041690826416016, 38.75706481933594, 39.42680358886719, 39.13370132446289, 38.07521438598633]",
    "training_acc": "[0.48721998929977417, 0.6002399921417236, 0.6490399837493896, 0.6795399785041809, 0.7013999819755554, 0.7146000266075134, 0.7311000227928162, 0.7387800216674805, 0.7451000213623047, 0.7901600003242493, 0.8159800171852112]",
    "val_loss": "[29.295684814453125, 31.952699661254883, 34.62238311767578, 35.63268280029297, 37.23046112060547, 38.16334533691406, 39.486873626708984, 39.5445671081543, 40.57395935058594, 39.05459213256836, 37.96599197387695]",
    "val_acc": "[0.163100004196167, 0.4878999888896942, 0.42309999465942383, 0.5935999751091003, 0.5235999822616577, 0.599399983882904, 0.4936000108718872, 0.6187000274658203, 0.5282999873161316, 0.6601999998092651, 0.6998000144958496]",
    "args": {
        "model": "VGG11",
        "dataset": "cifar10",
        "strategy": "{\"optimizer\": \"sgd\", \"compression\": \"vqsgd\", \"learning_rate\": 0.01, \"repetition\": 5000}",
        "epochs": 50,
        "n_calls": null,
        "stop_patience": 10,
        "lr_decay": 3,
        "k_fold": 1,
        "lambda_l2": 0.007,
        "fullset": 100.0,
        "log": 1,
        "gpu": 1,
        "train_on_baseline": 1,
        "bayesian_search": false
    },
    "compression_rates": [
        80.62998705878881
    ],
    "time_per_epoch": [
        305.93377780914307,
        306.8602728843689,
        304.6128239631653,
        304.412348985672,
        306.0761880874634,
        304.1329960823059,
        309.4517238140106,
        309.06576800346375,
        308.84781789779663,
        309.11786913871765,
        309.1197280883789
    ],
    "time_per_step": 0.7713302197885413
}