{
    "training_loss": "[18.665786743164062, 18.493545532226562, 18.53366470336914, 18.575620651245117, 18.659286499023438, 18.97092628479004, 19.691364288330078, 22.333219528198242, 30.60460662841797, 30.8991756439209, 38.81645965576172, 39.07979202270508, 41.442665100097656, 45.301025390625, 49.744598388671875]",
    "training_acc": "[0.4532800018787384, 0.5195599794387817, 0.5329599976539612, 0.5381600260734558, 0.5450800061225891, 0.5295199751853943, 0.503059983253479, 0.4515799880027771, 0.3976599872112274, 0.47077998518943787, 0.44721999764442444, 0.46588000655174255, 0.4675399959087372, 0.4675000011920929, 0.4607200026512146]",
    "val_loss": "[19.325496673583984, 19.2348575592041, 19.200077056884766, 19.804685592651367, 19.136648178100586, 21.725553512573242, 20.648881912231445, 26.29408073425293, 98.63427734375, 45.747650146484375, 57.443138122558594, 146.16165161132812, 65.84437561035156, 58.16902542114258, 106.99610137939453]",
    "val_acc": "[0.22130000591278076, 0.36660000681877136, 0.40470001101493835, 0.3257000148296356, 0.4142000079154968, 0.2574000060558319, 0.3652999997138977, 0.31949999928474426, 0.10000000149011612, 0.2021999955177307, 0.18379999697208405, 0.1039000004529953, 0.2547999918460846, 0.18000000715255737, 0.10409999638795853]",
    "args": {
        "model": "VGG11",
        "dataset": "cifar10",
        "strategy": "{\"optimizer\": \"sgd\", \"compression\": \"gradientsparsification\", \"learning_rate\": 0.01, \"k\": 0.01, \"max_iter\": 2}",
        "epochs": 50,
        "n_calls": null,
        "stop_patience": 10,
        "lr_decay": 3,
        "k_fold": 1,
        "lambda_l2": 0.007,
        "fullset": 100.0,
        "log": 1,
        "gpu": 1,
        "train_on_baseline": 1,
        "bayesian_search": false
    },
    "compression_rates": [
        63.16571967886629
    ],
    "time_per_epoch": [
        205.18979787826538,
        206.71349501609802,
        208.23280215263367,
        207.227961063385,
        209.11479592323303,
        209.45540809631348,
        207.07599472999573,
        208.34674787521362,
        211.38300895690918,
        209.61152839660645,
        208.69403100013733,
        210.57378697395325,
        209.4965696334839,
        209.4966368675232,
        208.36254000663757
    ],
    "time_per_step": 0.5196816734645677
}