{
    "training_loss": "[24.75495719909668, 29.996557235717773, 32.81475067138672, 34.85115051269531, 36.33201217651367, 37.418155670166016, 38.235538482666016, 38.87580871582031, 39.493629455566406, 39.2271842956543, 38.150177001953125]",
    "training_acc": "[0.4851599931716919, 0.6035400032997131, 0.6508200168609619, 0.6773999929428101, 0.7015600204467773, 0.7142199873924255, 0.7290199995040894, 0.7364799976348877, 0.7453200221061707, 0.7907000184059143, 0.8159199953079224]",
    "val_loss": "[29.459386825561523, 32.280914306640625, 34.682167053222656, 36.82889938354492, 37.82440185546875, 38.31178665161133, 39.23871994018555, 40.64460372924805, 41.05162811279297, 39.058223724365234, 38.1218147277832]",
    "val_acc": "[0.1940000057220459, 0.4650000035762787, 0.46219998598098755, 0.4309999942779541, 0.5009999871253967, 0.5849000215530396, 0.5375000238418579, 0.39259999990463257, 0.4505000114440918, 0.6801999807357788, 0.6883999705314636]",
    "args": {
        "model": "VGG11",
        "dataset": "cifar10",
        "strategy": "{\"optimizer\": \"sgd\", \"compression\": \"vqsgd\", \"learning_rate\": 0.01, \"repetition\": 5000}",
        "epochs": 50,
        "n_calls": null,
        "stop_patience": 10,
        "lr_decay": 3,
        "k_fold": 1,
        "lambda_l2": 0.007,
        "fullset": 100.0,
        "log": 1,
        "gpu": 1,
        "train_on_baseline": 1,
        "bayesian_search": false
    },
    "compression_rates": [
        80.62998705878881
    ],
    "time_per_epoch": [
        277.3067829608917,
        302.525661945343,
        297.6444089412689,
        299.22719407081604,
        294.2041509151459,
        300.4363760948181,
        302.6439187526703,
        301.9678862094879,
        295.46676301956177,
        292.15249609947205,
        294.5781161785126
    ],
    "time_per_step": 0.7406827069193617
}