{
    "training_loss": "[24.877222061157227, 30.045923233032227, 32.64768600463867, 34.52669143676758, 35.99846649169922, 37.14530563354492, 37.985233306884766, 38.746665954589844, 39.3793830871582, 39.048133850097656, 37.94605255126953]",
    "training_acc": "[0.4857800006866455, 0.6025400161743164, 0.6524400115013123, 0.6824399828910828, 0.7003399729728699, 0.718500018119812, 0.7322199940681458, 0.7376000285148621, 0.7465199828147888, 0.7946199774742126, 0.8207799792289734]",
    "val_loss": "[30.42917251586914, 32.620635986328125, 34.409061431884766, 35.88984298706055, 37.07081604003906, 38.13874435424805, 39.729217529296875, 39.682857513427734, 42.00404739379883, 38.84586715698242, 38.232784271240234]",
    "val_acc": "[0.1451999992132187, 0.38760000467300415, 0.4593000113964081, 0.5372999906539917, 0.5774000287055969, 0.5975000262260437, 0.39559999108314514, 0.5698999762535095, 0.31450000405311584, 0.6868000030517578, 0.6136000156402588]",
    "args": {
        "model": "VGG11",
        "dataset": "cifar10",
        "strategy": "{\"optimizer\": \"sgd\", \"compression\": \"vqsgd\", \"learning_rate\": 0.01, \"repetition\": 5000}",
        "epochs": 50,
        "n_calls": null,
        "stop_patience": 10,
        "lr_decay": 3,
        "k_fold": 1,
        "lambda_l2": 0.007,
        "fullset": 100.0,
        "log": 1,
        "gpu": 1,
        "train_on_baseline": 1,
        "bayesian_search": false
    },
    "compression_rates": [
        80.62998705878881
    ],
    "time_per_epoch": [
        240.44498991966248,
        246.15395617485046,
        273.69650506973267,
        304.47786116600037,
        298.5712149143219,
        300.63209772109985,
        294.26916003227234,
        301.6425290107727,
        303.0375440120697,
        302.6182210445404,
        297.09164118766785
    ],
    "time_per_step": 0.7187234350925987
}