{
    "training_loss": "[21.05924415588379, 22.87650489807129, 23.878660202026367, 24.610254287719727, 25.19329261779785, 25.62906837463379, 25.974769592285156, 26.250160217285156, 26.55956268310547, 26.184967041015625, 25.362525939941406, 24.656526565551758]",
    "training_acc": "[0.49768000841140747, 0.6209999918937683, 0.6738799810409546, 0.7066199779510498, 0.7276399731636047, 0.7463200092315674, 0.7589399814605713, 0.7705199718475342, 0.7746599912643433, 0.8325799703598022, 0.8657000064849854, 0.8827000260353088]",
    "val_loss": "[23.918346405029297, 23.78241539001465, 24.710845947265625, 25.706695556640625, 25.844341278076172, 26.671566009521484, 27.78929328918457, 27.25728416442871, 28.329769134521484, 26.19671630859375, 25.494993209838867, 24.90288734436035]",
    "val_acc": "[0.17159999907016754, 0.5435000061988831, 0.5658000111579895, 0.507099986076355, 0.6171000003814697, 0.5235000252723694, 0.4586000144481659, 0.5601000189781189, 0.39419999718666077, 0.7110999822616577, 0.7210999727249146, 0.7174999713897705]",
    "args": {
        "model": "VGG11",
        "dataset": "cifar10",
        "strategy": "{\"optimizer\": \"sgd\", \"compression\": \"vqsgd\", \"learning_rate\": 0.01, \"repetition\": 10000}",
        "epochs": 50,
        "n_calls": null,
        "stop_patience": 10,
        "lr_decay": 3,
        "k_fold": 1,
        "lambda_l2": 0.007,
        "fullset": 100.0,
        "log": 1,
        "gpu": 1,
        "train_on_baseline": 1,
        "bayesian_search": false
    },
    "compression_rates": [
        40.69734647057088
    ],
    "time_per_epoch": [
        381.08976006507874,
        393.4292562007904,
        371.8973150253296,
        369.18970489501953,
        369.49535727500916,
        367.6789631843567,
        360.0820028781891,
        355.1659526824951,
        356.0789577960968,
        357.9541721343994,
        363.2159707546234,
        367.6046919822693
    ],
    "time_per_step": 0.9249337953781329
}