{
    "training_loss": "[21.03655242919922, 22.726337432861328, 23.608739852905273, 24.26480484008789, 24.83428192138672, 25.258420944213867, 25.62640953063965, 25.964115142822266, 26.214954376220703, 25.859420776367188, 25.04463768005371, 24.35529327392578]",
    "training_acc": "[0.5055000185966492, 0.6307399868965149, 0.6828399896621704, 0.7146400213241577, 0.7273399829864502, 0.7526599764823914, 0.759880006313324, 0.7732800245285034, 0.7815600037574768, 0.8348399996757507, 0.8662599921226501, 0.8823999762535095]",
    "val_loss": "[23.772119522094727, 23.509294509887695, 24.9966983795166, 25.259912490844727, 25.923725128173828, 26.564180374145508, 26.7915096282959, 27.020050048828125, 27.0604248046875, 25.909040451049805, 25.314050674438477, 24.84584617614746]",
    "val_acc": "[0.21780000627040863, 0.5716999769210815, 0.42649999260902405, 0.510200023651123, 0.5097000002861023, 0.4950999915599823, 0.5407999753952026, 0.5257999897003174, 0.5985999703407288, 0.7103000283241272, 0.6866000294685364, 0.6625000238418579]",
    "args": {
        "model": "VGG11",
        "dataset": "cifar10",
        "strategy": "{\"optimizer\": \"sgd\", \"compression\": \"vqsgd\", \"learning_rate\": 0.01, \"repetition\": 10000}",
        "epochs": 50,
        "n_calls": null,
        "stop_patience": 10,
        "lr_decay": 3,
        "k_fold": 1,
        "lambda_l2": 0.007,
        "fullset": 100.0,
        "log": 1,
        "gpu": 1,
        "train_on_baseline": 1,
        "bayesian_search": false
    },
    "compression_rates": [
        40.69734647057088
    ],
    "time_per_epoch": [
        337.4118347167969,
        338.19190096855164,
        338.27000308036804,
        333.89403319358826,
        334.8308310508728,
        337.2415819168091,
        338.58262300491333,
        339.14598274230957,
        339.58357286453247,
        338.1738851070404,
        336.6079661846161,
        337.39076709747314
    ],
    "time_per_step": 0.8490187933784413
}