{
    "training_loss": "[21.168132781982422, 22.928359985351562, 23.798349380493164, 24.409605026245117, 24.93528175354004, 25.408824920654297, 25.824724197387695, 26.13811492919922, 26.413379669189453, 26.026878356933594, 25.21737289428711, 24.537092208862305]",
    "training_acc": "[0.4936999976634979, 0.6203799843788147, 0.6743599772453308, 0.7034599781036377, 0.7292199730873108, 0.7458400130271912, 0.75764000415802, 0.7671200037002563, 0.7819200158119202, 0.8367400169372559, 0.8663600087165833, 0.8822199702262878]",
    "val_loss": "[24.293067932128906, 24.285423278808594, 25.10245132446289, 24.980831146240234, 26.479013442993164, 26.481735229492188, 27.21411895751953, 26.69428825378418, 27.583621978759766, 26.23715591430664, 25.548376083374023, 25.22359275817871]",
    "val_acc": "[0.1753000020980835, 0.3937999904155731, 0.4207000136375427, 0.6280999779701233, 0.45590001344680786, 0.5235999822616577, 0.4943999946117401, 0.6622999906539917, 0.5267000198364258, 0.6553999781608582, 0.6744999885559082, 0.623199999332428]",
    "args": {
        "model": "VGG11",
        "dataset": "cifar10",
        "strategy": "{\"optimizer\": \"sgd\", \"compression\": \"vqsgd\", \"learning_rate\": 0.01, \"repetition\": 10000}",
        "epochs": 50,
        "n_calls": null,
        "stop_patience": 10,
        "lr_decay": 3,
        "k_fold": 1,
        "lambda_l2": 0.007,
        "fullset": 100.0,
        "log": 1,
        "gpu": 1,
        "train_on_baseline": 1,
        "bayesian_search": false
    },
    "compression_rates": [
        40.69734647057088
    ],
    "time_per_epoch": [
        311.6580328941345,
        311.60392713546753,
        311.08294677734375,
        310.4343898296356,
        311.4625337123871,
        310.58319091796875,
        310.60868191719055,
        314.30087399482727,
        317.5246379375458,
        311.06336307525635,
        301.0711920261383,
        291.0225248336792
    ],
    "time_per_step": 0.778309989768221
}