{
    "training_loss": "[24.680545806884766, 29.654136657714844, 32.411441802978516, 34.275840759277344, 35.662986755371094, 36.65554428100586, 37.519630432128906, 38.189353942871094, 38.773033142089844, 38.4233512878418, 37.348026275634766]",
    "training_acc": "[0.48642000555992126, 0.6069999933242798, 0.6557599902153015, 0.6832799911499023, 0.7062399983406067, 0.7201799750328064, 0.7299200296401978, 0.7413600087165833, 0.7484599947929382, 0.7975599765777588, 0.8225600123405457]",
    "val_loss": "[30.76475715637207, 31.831649780273438, 34.025970458984375, 36.47418975830078, 36.94940185546875, 37.45824432373047, 38.3364143371582, 40.51405715942383, 39.691593170166016, 38.20890808105469, 37.1873893737793]",
    "val_acc": "[0.11309999972581863, 0.46320000290870667, 0.49869999289512634, 0.39980000257492065, 0.5012999773025513, 0.6486999988555908, 0.5982000231742859, 0.31769999861717224, 0.5579000115394592, 0.70660001039505, 0.7268999814987183]",
    "args": {
        "model": "VGG11",
        "dataset": "cifar10",
        "strategy": "{\"optimizer\": \"sgd\", \"compression\": \"vqsgd\", \"learning_rate\": 0.01, \"repetition\": 5000}",
        "epochs": 50,
        "n_calls": null,
        "stop_patience": 10,
        "lr_decay": 3,
        "k_fold": 1,
        "lambda_l2": 0.007,
        "fullset": 100.0,
        "log": 1,
        "gpu": 1,
        "train_on_baseline": 1,
        "bayesian_search": false
    },
    "compression_rates": [
        80.62998705878881
    ],
    "time_per_epoch": [
        375.8230519294739,
        368.1382808685303,
        365.7895450592041,
        360.19587683677673,
        372.0403482913971,
        365.5180857181549,
        363.3676779270172,
        354.80955600738525,
        352.1565489768982,
        329.87030506134033,
        328.36475014686584
    ],
    "time_per_step": 0.898728670117135
}