{
    "training_loss": "[26.185014724731445, 35.06837844848633, 40.18110656738281, 43.0408935546875, 44.32408142089844, 45.256160736083984, 45.5284309387207, 45.93170166015625, 46.27717590332031, 46.396331787109375, 46.2322883605957, 45.997249603271484, 46.15470886230469, 46.00558090209961, 46.05402374267578, 44.69486618041992]",
    "training_acc": "[0.4211600124835968, 0.5628799796104431, 0.6196799874305725, 0.6560800075531006, 0.6739400029182434, 0.6882399916648865, 0.7011399865150452, 0.7052199840545654, 0.7123200297355652, 0.7127199769020081, 0.7216600179672241, 0.7228000164031982, 0.7237200140953064, 0.7306200265884399, 0.7293199896812439, 0.8150799870491028]",
    "val_loss": "[32.047576904296875, 39.04506301879883, 49.03355407714844, 47.863525390625, 45.99278259277344, 45.931434631347656, 46.57680130004883, 47.11385726928711, 47.6196174621582, 47.14881134033203, 46.7105827331543, 48.11993408203125, 48.52845764160156, 47.036468505859375, 47.5974235534668, 43.69953155517578]",
    "val_acc": "[0.34929999709129333, 0.3686000108718872, 0.16169999539852142, 0.19990000128746033, 0.4133000075817108, 0.5428000092506409, 0.47369998693466187, 0.49799999594688416, 0.43709999322891235, 0.5303000211715698, 0.5350000262260437, 0.35679998993873596, 0.2732999920845032, 0.506600022315979, 0.4020000100135803, 0.7520999908447266]",
    "args": {
        "model": "VGG11",
        "dataset": "cifar10",
        "strategy": "{\"optimizer\": \"sgd\", \"compression\": \"vqsgd\", \"learning_rate\": 0.05, \"repetition\": 10000}",
        "epochs": 40,
        "n_calls": null,
        "stop_patience": 15,
        "lr_decay": 3,
        "k_fold": 1,
        "lambda_l2": 0.004,
        "fullset": 100.0,
        "log": 1,
        "gpu": 1,
        "train_on_baseline": 1,
        "bayesian_search": false
    },
    "compression_rates": [
        40.69734647057088
    ],
    "setup": {
        "batch_size": 128,
        "lr_decay": [
            15,
            30
        ],
        "drop_factor": 0.2,
        "min_lr": 0.0005000000000000001
    },
    "time_per_epoch": [
        372.32930994033813,
        366.039901971817,
        324.5302050113678,
        321.463330745697,
        324.26162099838257,
        324.6492910385132,
        323.28364276885986,
        322.85707426071167,
        325.04926109313965,
        323.0856730937958,
        324.0852298736572,
        324.3439848423004,
        325.6373641490936,
        328.36544919013977,
        328.91495394706726,
        328.8192892074585
    ],
    "time_per_step": 0.8313276183117381
}