{
    "training_loss": "[12.840742111206055, 13.884200096130371, 16.310264587402344, 22.623512268066406, 25.63851547241211, 51.80035400390625, 94.29208374023438, 146.6728973388672, 215.7068328857422, 270.4562683105469, 317.71844482421875, 382.8091125488281, 442.36114501953125, 470.3237609863281, 520.5972290039062, 249.64039611816406]",
    "training_acc": "[0.3394800126552582, 0.3716000020503998, 0.34964001178741455, 0.2669999897480011, 0.26322001218795776, 0.218299999833107, 0.2770799994468689, 0.32381999492645264, 0.37073999643325806, 0.42726001143455505, 0.47082000970840454, 0.48781999945640564, 0.5128800272941589, 0.5404800176620483, 0.5480599999427795, 0.6862199902534485]",
    "val_loss": "[13.060480117797852, 85.58809661865234, 711.9600219726562, 43.412906646728516, 5264.98046875, 66.44274139404297, 204.180908203125, 240.4606475830078, 402.119384765625, 433.2600402832031, 361.4792175292969, 1036.4429931640625, 1054.19384765625, 813.6599731445312, 897.5776977539062, 211.6456298828125]",
    "val_acc": "[0.1965000033378601, 0.11479999870061874, 0.10100000351667404, 0.18150000274181366, 0.10000000149011612, 0.1460999995470047, 0.1551000028848648, 0.22750000655651093, 0.2159000039100647, 0.39320001006126404, 0.4000999927520752, 0.27309998869895935, 0.23440000414848328, 0.2612999975681305, 0.22030000388622284, 0.6822999715805054]",
    "args": {
        "model": "VGG11",
        "dataset": "cifar10",
        "strategy": "{\"optimizer\": \"sgd\", \"compression\": \"gradientsparsification\", \"learning_rate\": 0.05, \"k\": 0.05, \"max_iter\": 2}",
        "epochs": 40,
        "n_calls": null,
        "stop_patience": 15,
        "lr_decay": 3,
        "k_fold": 1,
        "lambda_l2": 0.004,
        "fullset": 100.0,
        "log": 1,
        "gpu": 1,
        "train_on_baseline": 1,
        "bayesian_search": false
    },
    "compression_rates": [
        8.201692385655797
    ],
    "setup": {
        "batch_size": 128,
        "lr_decay": [
            15,
            30
        ],
        "drop_factor": 0.2,
        "min_lr": 0.0005000000000000001
    },
    "time_per_epoch": [
        134.08826208114624,
        136.9945948123932,
        136.6611511707306,
        138.13757514953613,
        137.26415014266968,
        141.26616024971008,
        139.78997015953064,
        139.25878310203552,
        140.40106391906738,
        141.40379285812378,
        141.50535202026367,
        140.5491828918457,
        141.01581001281738,
        140.92104411125183,
        140.40464782714844,
        139.5438368320465
    ],
    "time_per_step": 0.34326886955429525
}