{
    "training_loss": "[24.50548553466797, 29.56767463684082, 32.26353073120117, 34.15462875366211, 35.605064392089844, 36.80649185180664, 37.647483825683594, 38.369232177734375, 39.02177047729492, 38.660423278808594, 37.58824920654297]",
    "training_acc": "[0.4925999939441681, 0.6127200126647949, 0.6596599817276001, 0.6892399787902832, 0.7048799991607666, 0.7192800045013428, 0.7314000129699707, 0.7432199716567993, 0.7492799758911133, 0.7982800006866455, 0.8245999813079834]",
    "val_loss": "[28.736303329467773, 31.797256469726562, 33.83888244628906, 36.58249282836914, 37.1652717590332, 38.08039093017578, 39.384254455566406, 39.684288024902344, 40.43124771118164, 38.42094421386719, 37.969356536865234]",
    "val_acc": "[0.2809999883174896, 0.45750001072883606, 0.5343999862670898, 0.41769999265670776, 0.46129998564720154, 0.5360999703407288, 0.4343000054359436, 0.5151000022888184, 0.4627000093460083, 0.7067999839782715, 0.5982999801635742]",
    "args": {
        "model": "VGG11",
        "dataset": "cifar10",
        "strategy": "{\"optimizer\": \"sgd\", \"compression\": \"vqsgd\", \"learning_rate\": 0.01, \"repetition\": 5000}",
        "epochs": 50,
        "n_calls": null,
        "stop_patience": 10,
        "lr_decay": 3,
        "k_fold": 1,
        "lambda_l2": 0.007,
        "fullset": 100.0,
        "log": 1,
        "gpu": 1,
        "train_on_baseline": 1,
        "bayesian_search": false
    },
    "compression_rates": [
        80.62998705878881
    ],
    "time_per_epoch": [
        295.44546365737915,
        295.75598883628845,
        297.5529363155365,
        295.8778729438782,
        296.54978799819946,
        296.64311003685,
        287.211599111557,
        288.3233048915863,
        290.0617628097534,
        288.6676239967346,
        288.17417311668396
    ],
    "time_per_step": 0.7354623872827469
}