{
    "training_loss": "[18.686542510986328, 18.46611213684082, 18.442079544067383, 18.476537704467773, 18.612796783447266, 18.974178314208984, 19.65740966796875, 31.00621795654297, 72.90397644042969, 66.79389953613281, 84.48834228515625, 104.83370208740234]",
    "training_acc": "[0.4511600136756897, 0.5174400210380554, 0.5318400263786316, 0.5391600131988525, 0.5338199734687805, 0.5065600275993347, 0.4866200089454651, 0.3484399914741516, 0.3134399950504303, 0.42952001094818115, 0.41405999660491943, 0.4153999984264374]",
    "val_loss": "[19.629131317138672, 18.99422264099121, 19.03523063659668, 19.337005615234375, 19.17991828918457, 20.751073837280273, 21.900550842285156, 180.2296600341797, 297.4911193847656, 97.40547180175781, 116.59713745117188, 179.8157501220703]",
    "val_acc": "[0.23440000414848328, 0.42480000853538513, 0.40549999475479126, 0.3714999854564667, 0.4562999904155731, 0.3310999870300293, 0.30720001459121704, 0.10000000149011612, 0.10130000114440918, 0.29739999771118164, 0.29030001163482666, 0.3343999981880188]",
    "args": {
        "model": "VGG11",
        "dataset": "cifar10",
        "strategy": "{\"optimizer\": \"sgd\", \"compression\": \"gradientsparsification\", \"learning_rate\": 0.01, \"k\": 0.01, \"max_iter\": 2}",
        "epochs": 50,
        "n_calls": null,
        "stop_patience": 10,
        "lr_decay": 3,
        "k_fold": 1,
        "lambda_l2": 0.007,
        "fullset": 100.0,
        "log": 1,
        "gpu": 1,
        "train_on_baseline": 1,
        "bayesian_search": false
    },
    "compression_rates": [
        167.5101948573775
    ],
    "time_per_epoch": [
        198.04257798194885,
        199.52027678489685,
        198.50249600410461,
        202.15431785583496,
        200.6737711429596,
        201.7325451374054,
        201.32855606079102,
        201.89102506637573,
        204.01043605804443,
        194.51983308792114,
        195.81069207191467,
        195.7803258895874
    ],
    "time_per_step": 0.4969402825029508
}