{
    "training_loss": "[13.202392578125, 16.264535903930664, 24.856624603271484, 46.14669418334961, 75.60281372070312, 153.0073699951172, 220.61643981933594, 269.0947570800781, 329.0454406738281, 400.40899658203125, 406.3984069824219, 439.8699951171875, 514.4219970703125, 612.7026977539062, 750.8826904296875, 297.96392822265625]",
    "training_acc": "[0.319240003824234, 0.31407999992370605, 0.19359999895095825, 0.18520000576972961, 0.24818000197410583, 0.2771799862384796, 0.33188000321388245, 0.38552001118659973, 0.41231998801231384, 0.4348199963569641, 0.475380003452301, 0.4906199872493744, 0.4892599880695343, 0.4773400127887726, 0.44468000531196594, 0.6272799968719482]",
    "val_loss": "[12.368041038513184, 2309.211669921875, 28.082138061523438, 38.454689025878906, 25811.396484375, 190.79733276367188, 235.30557250976562, 351.5788269042969, 452.1148376464844, 396.27508544921875, 509.18829345703125, 505.2421875, 1442.4822998046875, 3016.05419921875, 575.4039306640625, 277.1399230957031]",
    "val_acc": "[0.16089999675750732, 0.10140000283718109, 0.17520000040531158, 0.20190000534057617, 0.10000000149011612, 0.22110000252723694, 0.38510000705718994, 0.24809999763965607, 0.31929999589920044, 0.3619999885559082, 0.3668999969959259, 0.2944999933242798, 0.179299995303154, 0.20980000495910645, 0.4097999930381775, 0.5734999775886536]",
    "args": {
        "model": "VGG11",
        "dataset": "cifar10",
        "strategy": "{\"optimizer\": \"sgd\", \"compression\": \"gradientsparsification\", \"learning_rate\": 0.05, \"k\": 0.05, \"max_iter\": 2}",
        "epochs": 40,
        "n_calls": null,
        "stop_patience": 15,
        "lr_decay": 3,
        "k_fold": 1,
        "lambda_l2": 0.004,
        "fullset": 100.0,
        "log": 1,
        "gpu": 1,
        "train_on_baseline": 1,
        "bayesian_search": false
    },
    "compression_rates": [
        7.631674533548495
    ],
    "setup": {
        "batch_size": 128,
        "lr_decay": [
            15,
            30
        ],
        "drop_factor": 0.2,
        "min_lr": 0.0005000000000000001
    },
    "time_per_epoch": [
        132.80447721481323,
        135.2981858253479,
        136.4081370830536,
        138.41201376914978,
        135.76729488372803,
        137.3204379081726,
        136.0336470603943,
        137.5193419456482,
        136.33907890319824,
        136.60620594024658,
        137.85873222351074,
        136.85791993141174,
        138.9181649684906,
        138.2851231098175,
        139.13479089736938,
        138.1182780265808
    ],
    "time_per_step": 0.337472149173317
}