{
    "training_loss": "[48.20045852661133, 71.67626190185547, 82.89110565185547, 88.2691421508789, 90.75959777832031, 92.55322265625, 93.48255920410156, 93.28643035888672, 93.15239715576172, 92.9092025756836, 92.39604187011719, 91.22445678710938, 90.54811096191406, 90.29994201660156, 89.38130187988281, 86.35645294189453]",
    "training_acc": "[0.3878600001335144, 0.5089600086212158, 0.5600000023841858, 0.5967000126838684, 0.6172000169754028, 0.6287800073623657, 0.6459199786186218, 0.6526399850845337, 0.6585599780082703, 0.6618000268936157, 0.6705999970436096, 0.6742799878120422, 0.6738200187683105, 0.6740599870681763, 0.6819999814033508, 0.7658799886703491]",
    "val_loss": "[63.355045318603516, 80.1971206665039, 88.70700073242188, 91.23326110839844, 92.54443359375, 94.04237365722656, 94.00187683105469, 94.01602935791016, 94.08262634277344, 93.66586303710938, 92.24244689941406, 91.7239761352539, 92.01118469238281, 91.5123291015625, 89.68526458740234, 84.18125915527344]",
    "val_acc": "[0.302700012922287, 0.3158000111579895, 0.2994000017642975, 0.295199990272522, 0.44780001044273376, 0.4900999963283539, 0.47589999437332153, 0.48069998621940613, 0.4629000127315521, 0.4629000127315521, 0.4902999997138977, 0.5442000031471252, 0.38659998774528503, 0.34940001368522644, 0.47360000014305115, 0.7315999865531921]",
    "args": {
        "model": "VGG11",
        "dataset": "cifar10",
        "strategy": "{\"optimizer\": \"sgd\", \"compression\": \"vqsgd\", \"learning_rate\": 0.05, \"repetition\": 5000}",
        "epochs": 40,
        "n_calls": null,
        "stop_patience": 15,
        "lr_decay": 3,
        "k_fold": 1,
        "lambda_l2": 0.004,
        "fullset": 100.0,
        "log": 1,
        "gpu": 1,
        "train_on_baseline": 1,
        "bayesian_search": false
    },
    "compression_rates": [
        80.62998705878881
    ],
    "setup": {
        "batch_size": 128,
        "lr_decay": [
            15,
            30
        ],
        "drop_factor": 0.2,
        "min_lr": 0.0005000000000000001
    },
    "time_per_epoch": [
        288.06990909576416,
        287.10837292671204,
        287.58788990974426,
        288.35002279281616,
        291.2448980808258,
        291.5670440196991,
        290.664981842041,
        292.36465215682983,
        292.73764204978943,
        291.57983803749084,
        291.2730860710144,
        291.5038969516754,
        292.34693002700806,
        291.91068601608276,
        293.1716859340668,
        291.8085539340973
    ],
    "time_per_step": 0.7307020513069294
}