{
    "training_loss": "[21.161243438720703, 22.9036922454834, 23.83195686340332, 24.437170028686523, 24.92207908630371, 25.336763381958008, 25.63617706298828, 25.94389533996582, 26.22909927368164, 25.837024688720703, 25.033832550048828]",
    "training_acc": "[0.5033199787139893, 0.6330599784851074, 0.6823400259017944, 0.7177199721336365, 0.7364799976348877, 0.7523999810218811, 0.765720009803772, 0.7734000086784363, 0.7817400097846985, 0.8370199799537659, 0.8678600192070007]",
    "val_loss": "[24.013124465942383, 24.178359985351562, 24.497596740722656, 25.438552856445312, 25.55304718017578, 26.156911849975586, 26.21429443359375, 26.711837768554688, 27.39338493347168, 26.629568099975586, 25.19689178466797]",
    "val_acc": "[0.23280000686645508, 0.4569000005722046, 0.6032000184059143, 0.5389000177383423, 0.6265000104904175, 0.553600013256073, 0.6564000248908997, 0.6039999723434448, 0.5238999724388123, 0.5450999736785889, 0.7221999764442444]",
    "args": {
        "model": "VGG11",
        "dataset": "cifar10",
        "strategy": "{\"optimizer\": \"sgd\", \"compression\": \"vqsgd\", \"learning_rate\": 0.01, \"repetition\": 10000}",
        "epochs": 50,
        "n_calls": null,
        "stop_patience": 10,
        "lr_decay": 3,
        "k_fold": 1,
        "lambda_l2": 0.007,
        "fullset": 100.0,
        "log": 1,
        "gpu": 1,
        "train_on_baseline": 1,
        "bayesian_search": false
    },
    "compression_rates": [
        40.69734647057088
    ],
    "time_per_epoch": [
        373.6280469894409,
        371.15550994873047,
        382.4537069797516,
        391.1243269443512,
        370.2183599472046,
        368.3516540527344,
        367.87922382354736,
        365.49538111686707,
        358.89103412628174,
        354.2800030708313,
        354.1555588245392
    ],
    "time_per_step": 0.9280216316931804
}