{
    "training_loss": "[2.961660385131836, 2.7108874320983887, 2.667644739151001, 2.64206600189209, 2.6253771781921387, 2.617582321166992, 2.6149497032165527, 2.616610050201416, 2.610919713973999, 2.6084470748901367, 2.6110987663269043, 2.607792615890503, 2.602644443511963, 2.6060080528259277, 2.6106743812561035, 2.6085188388824463, 2.6071503162384033, 2.6124820709228516, 2.612077236175537, 2.6135060787200928, 2.6204586029052734]",
    "training_acc": "[0.841866672039032, 0.9165499806404114, 0.9241166710853577, 0.9291999936103821, 0.932783305644989, 0.9355166554450989, 0.9381166696548462, 0.9384666681289673, 0.9397000074386597, 0.942216694355011, 0.9415500164031982, 0.9427499771118164, 0.9444000124931335, 0.9435333609580994, 0.9446666836738586, 0.9439499974250793, 0.946566641330719, 0.9453833103179932, 0.9475833177566528, 0.9478999972343445, 0.9465000033378601]",
    "val_loss": "[2.7017345428466797, 2.6500163078308105, 2.620270252227783, 2.615349531173706, 2.5887649059295654, 2.6055831909179688, 2.5841686725616455, 2.5839481353759766, 2.5852978229522705, 2.595165729522705, 2.5798020362854004, 2.595017194747925, 2.647625684738159, 2.600436210632324, 2.6250550746917725, 2.5866076946258545, 2.6080684661865234, 2.599925994873047, 2.594212770462036, 2.6047658920288086, 2.6139917373657227]",
    "val_acc": "[0.9212999939918518, 0.9358000159263611, 0.9379000067710876, 0.935699999332428, 0.9441999793052673, 0.9386000037193298, 0.9495000243186951, 0.9474999904632568, 0.9467999935150146, 0.9431999921798706, 0.9501000046730042, 0.947700023651123, 0.9311000108718872, 0.9451000094413757, 0.9380999803543091, 0.9532999992370605, 0.9463000297546387, 0.9508000016212463, 0.9498000144958496, 0.949999988079071, 0.9478999972343445]",
    "args": {
        "model": "LeNet",
        "dataset": "mnist",
        "strategy": "{\"optimizer\": \"fetchsgd\", \"compression\": \"none\", \"learning_rate\": 0.01, \"c\": 2000, \"r\": 1,\n                \"topk\": 66, \"momentum\": 0.9}",
        "epochs": 45,
        "n_calls": null,
        "stop_patience": 10,
        "lr_decay": 3,
        "k_fold": 1,
        "lambda_l2": 0.008,
        "fullset": 100.0,
        "log": 1,
        "gpu": null,
        "train_on_baseline": 2,
        "bayesian_search": false
    },
    "compression_rates": [
        3.3562885891909233
    ],
    "setup": {
        "batch_size": 32,
        "lr_decay": [
            25,
            37
        ],
        "drop_factor": 0.5,
        "min_lr": 0.0001
    },
    "time_per_epoch": [
        75.37172293663025,
        75.92950773239136,
        74.95600390434265,
        74.85095596313477,
        75.47850966453552,
        75.37328720092773,
        75.4870867729187,
        74.76584601402283,
        75.24869084358215,
        75.37723302841187,
        75.44866991043091,
        74.95979499816895,
        75.21704912185669,
        75.12486505508423,
        75.93239426612854,
        74.99412488937378,
        75.33901309967041,
        75.4837498664856,
        74.80440402030945,
        78.3048620223999,
        74.00885796546936
    ],
    "time_per_step": 0.038683248949807784
}