{
    "training_loss": "[3.4763107299804688, 3.2578468322753906, 3.208862066268921, 3.196392297744751, 3.1850781440734863, 3.1751155853271484, 3.1853041648864746, 3.179168462753296, 3.1777663230895996, 3.1754648685455322, 3.181781053543091, 3.180621385574341, 3.182293653488159, 3.1888790130615234, 3.1917314529418945, 3.1941473484039307]",
    "training_acc": "[0.8625166416168213, 0.9159666895866394, 0.9241499900817871, 0.9265333414077759, 0.9298166632652283, 0.9313666820526123, 0.9301000237464905, 0.9319999814033508, 0.9337000250816345, 0.93381667137146, 0.9328166842460632, 0.9342333078384399, 0.9350833296775818, 0.9336333274841309, 0.935949981212616, 0.9350500106811523]",
    "val_loss": "[3.255687952041626, 3.1886606216430664, 3.2292094230651855, 3.155003547668457, 3.147404193878174, 3.1409194469451904, 3.2106728553771973, 3.1664044857025146, 3.160127639770508, 3.1554672718048096, 3.1668810844421387, 3.145653486251831, 3.162963390350342, 3.1801090240478516, 3.17974853515625, 3.167888641357422]",
    "val_acc": "[0.9272000193595886, 0.9351000189781189, 0.9228000044822693, 0.9434999823570251, 0.9406999945640564, 0.9474999904632568, 0.9211999773979187, 0.9390000104904175, 0.9352999925613403, 0.9419999718666077, 0.9394000172615051, 0.9447000026702881, 0.9437999725341797, 0.941100001335144, 0.9347000122070312, 0.9496999979019165]",
    "args": {
        "model": "LeNet",
        "dataset": "mnist",
        "strategy": "{\"optimizer\": \"fetchsgd\", \"compression\": \"none\", \"learning_rate\": 0.01, \"c\": 1000, \"r\": 1,\n                \"topk\": 1000, \"momentum\": 0.9}",
        "epochs": 45,
        "n_calls": null,
        "stop_patience": 10,
        "lr_decay": 3,
        "k_fold": 1,
        "lambda_l2": 0.01,
        "fullset": 100.0,
        "log": 1,
        "gpu": null,
        "train_on_baseline": 2,
        "bayesian_search": false
    },
    "compression_rates": [
        6.326995125007257
    ],
    "time_per_epoch": [
        51.586508989334106,
        51.39540910720825,
        51.46015501022339,
        51.45498204231262,
        51.50456190109253,
        51.60623288154602,
        51.16405701637268,
        51.10752320289612,
        51.3225359916687,
        52.30580496788025,
        50.62966585159302,
        50.57359004020691,
        50.795620918273926,
        51.981268882751465,
        52.060364961624146,
        52.18074011802673
    ],
    "time_per_step": 0.02644708805878957
}