{
  "training_loss": "[2.919187545776367, 2.6637208461761475, 2.626439332962036, 2.6019766330718994, 2.583616256713867, 2.5732052326202393, 2.5668087005615234, 2.5557994842529297, 2.557415723800659, 2.5524697303771973, 2.5524532794952393, 2.5501835346221924, 2.5538671016693115, 2.550480365753174, 2.5563435554504395, 2.5511014461517334, 2.552412748336792, 2.557011604309082, 2.5581231117248535, 2.5561561584472656, 2.5582165718078613, 2.562333583831787, 2.5639286041259766]",
  "training_acc": "[0.8491500020027161, 0.923966646194458, 0.9308000206947327, 0.9355833530426025, 0.9394999742507935, 0.942300021648407, 0.943149983882904, 0.9455833435058594, 0.9459666609764099, 0.9473333358764648, 0.9475666880607605, 0.9483000040054321, 0.9476666450500488, 0.9489666819572449, 0.9504500031471252, 0.9509166479110718, 0.9514166712760925, 0.9508666396141052, 0.9520666599273682, 0.9513166546821594, 0.9514666795730591, 0.9522166848182678, 0.9528833627700806]",
  "val_loss": "[2.677061080932617, 2.621974468231201, 2.584746837615967, 2.581129789352417, 2.5519213676452637, 2.5473930835723877, 2.5494799613952637, 2.5497217178344727, 2.5378215312957764, 2.5290791988372803, 2.5341663360595703, 2.530726909637451, 2.5191054344177246, 2.5343565940856934, 2.552114725112915, 2.5438525676727295, 2.529240608215332, 2.539750576019287, 2.5366828441619873, 2.533989191055298, 2.559325695037842, 2.5328359603881836, 2.539440631866455]",
  "val_acc": "[0.9254000186920166, 0.9319000244140625, 0.9375, 0.9391000270843506, 0.9509999752044678, 0.9502999782562256, 0.9455000162124634, 0.9452000260353088, 0.9524999856948853, 0.9516000151634216, 0.9520999789237976, 0.9564999938011169, 0.9559000134468079, 0.9555000066757202, 0.9491999745368958, 0.9528999924659729, 0.9563000202178955, 0.9567000269889832, 0.9580000042915344, 0.9571999907493591, 0.9509000182151794, 0.9603999853134155, 0.9587000012397766]",
  "args": {
    "model": "LeNet",
    "dataset": "mnist",
    "strategy": "{\"optimizer\": \"fetchsgd\", \"compression\": \"none\", \"learning_rate\": 0.01, \"c\": 2000, \"r\": 1,\n                \"topk\": 66, \"momentum\": 0.9}",
    "epochs": 45,
    "n_calls": null,
    "stop_patience": 10,
    "lr_decay": 3,
    "k_fold": 1,
    "lambda_l2": 0.008,
    "fullset": 100.0,
    "log": 1,
    "gpu": null,
    "train_on_baseline": 2,
    "bayesian_search": false
  },
  "compression_rates": [
    3.3509814319943
  ],
  "setup": {
    "batch_size": 32,
    "lr_decay": [
      25,
      37
    ],
    "drop_factor": 0.5,
    "min_lr": 0.0001
  },
  "time_per_epoch": [
    60.7984881401062,
    61.06582593917847,
    60.77174496650696,
    61.12892818450928,
    61.29815602302551,
    61.6376268863678,
    61.880298137664795,
    61.18731880187988,
    61.061075925827026,
    62.86072015762329,
    62.47283720970154,
    60.98721694946289,
    61.18326997756958,
    62.33692789077759,
    63.00236797332764,
    63.40878224372864,
    62.658371925354004,
    62.1976261138916,
    63.315534830093384,
    62.81673812866211,
    63.05562496185303,
    62.38339304924011,
    62.39405393600464
  ],
  "time_per_step": 0.031795234132849653
}