{
    "training_loss": "[5.487961769104004, 5.144170761108398, 5.05340576171875, 4.993579387664795, 4.9659528732299805, 4.954283237457275, 4.919731616973877, 4.919816493988037, 4.890639305114746, 4.893960475921631, 4.873748302459717, 4.846782684326172, 4.872619152069092, 4.846288681030273, 4.854054927825928, 4.818851470947266, 4.841150760650635, 4.834972858428955, 4.828342437744141, 4.814672946929932, 4.795802593231201, 4.794769287109375, 4.812485218048096]",
    "training_acc": "[0.4871000051498413, 0.6328399777412415, 0.6761800050735474, 0.7043799757957458, 0.7194600105285645, 0.7247200012207031, 0.736020028591156, 0.7382799983024597, 0.7473000288009644, 0.7480999827384949, 0.7542999982833862, 0.7640600204467773, 0.7573000192642212, 0.7672399878501892, 0.7655799984931946, 0.7721999883651733, 0.769540011882782, 0.7709199786186218, 0.773639976978302, 0.7749999761581421, 0.7806800007820129, 0.779699981212616, 0.7781000137329102]",
    "val_loss": "[6.541038990020752, 5.755882263183594, 6.417007923126221, 7.283572673797607, 5.18341064453125, 5.87348747253418, 5.662631988525391, 5.9800615310668945, 5.721069812774658, 6.183789253234863, 5.530159950256348, 6.064277172088623, 5.171088695526123, 6.330064296722412, 5.98216438293457, 5.412807941436768, 6.261711120605469, 5.8027024269104, 5.215818405151367, 6.110058784484863, 5.496369361877441, 6.165108680725098, 5.9100565910339355]",
    "val_acc": "[0.2354000061750412, 0.4968000054359436, 0.36039999127388, 0.3831000030040741, 0.6363000273704529, 0.49300000071525574, 0.4993000030517578, 0.462799996137619, 0.5041000247001648, 0.4259999990463257, 0.5590000152587891, 0.4066999852657318, 0.6610999703407288, 0.4032999873161316, 0.4564000070095062, 0.5785999894142151, 0.44679999351501465, 0.5101000070571899, 0.6553999781608582, 0.44200000166893005, 0.5672000050544739, 0.3903999924659729, 0.48969998955726624]",
    "args": {
        "model": "VGG11",
        "dataset": "cifar10",
        "strategy": "{\"optimizer\": \"fetchsgd\", \"compression\": \"none\", \"learning_rate\": 0.01, \"c\": 50000, \"r\": 1,\n                      \"topk\": 50000, \"momentum\": 0.9}",
        "epochs": 50,
        "n_calls": null,
        "stop_patience": 10,
        "lr_decay": 3,
        "k_fold": 1,
        "lambda_l2": 0.0015,
        "fullset": 100.0,
        "log": 1,
        "gpu": 1,
        "train_on_baseline": 1,
        "bayesian_search": false
    },
    "compression_rates": [
        5.82679837612553
    ],
    "time_per_epoch": [
        196.49455499649048,
        191.57773995399475,
        187.86194014549255,
        189.5407280921936,
        188.90974283218384,
        186.941899061203,
        182.38119387626648,
        183.42450785636902,
        180.84897804260254,
        181.8062310218811,
        181.9835822582245,
        182.4129512310028,
        180.64541792869568,
        174.8360629081726,
        172.88579988479614,
        174.04210305213928,
        173.50807785987854,
        173.89446711540222,
        173.41114115715027,
        173.53297114372253,
        177.31481409072876,
        175.1532371044159,
        174.07311820983887
    ],
    "time_per_step": 0.45288649684897947
}