{
    "training_loss": "[5.457134246826172, 5.160678863525391, 5.080196857452393, 5.023090839385986, 4.982604503631592, 4.979482173919678, 4.958341121673584, 4.9300947189331055, 4.925361633300781, 4.894748210906982, 4.899381637573242, 4.884885787963867, 4.868887424468994]",
    "training_acc": "[0.49643999338150024, 0.6308599710464478, 0.6739000082015991, 0.697920024394989, 0.7113199830055237, 0.7206400036811829, 0.7249799966812134, 0.7364000082015991, 0.7399799823760986, 0.7497599720954895, 0.7476999759674072, 0.7546600103378296, 0.7584400177001953]",
    "val_loss": "[6.47239875793457, 5.775865077972412, 5.360750198364258, 5.616626739501953, 5.861108779907227, 6.763450622558594, 5.697124004364014, 5.815563678741455, 6.111213684082031, 6.019826412200928, 5.851510047912598, 6.217930793762207, 7.09788179397583]",
    "val_acc": "[0.2646999955177307, 0.4812000095844269, 0.569599986076355, 0.5270000100135803, 0.46810001134872437, 0.3215000033378601, 0.5188999772071838, 0.5292999744415283, 0.4088999927043915, 0.420199990272522, 0.4860000014305115, 0.43320000171661377, 0.3797999918460846]",
    "args": {
        "model": "VGG11",
        "dataset": "cifar10",
        "strategy": "{\"optimizer\": \"fetchsgd\", \"compression\": \"none\", \"learning_rate\": 0.01, \"c\": 50000, \"r\": 1,\n                      \"topk\": 50000, \"momentum\": 0.9}",
        "epochs": 50,
        "n_calls": null,
        "stop_patience": 10,
        "lr_decay": 3,
        "k_fold": 1,
        "lambda_l2": 0.0015,
        "fullset": 100.0,
        "log": 1,
        "gpu": 1,
        "train_on_baseline": 1,
        "bayesian_search": false
    },
    "compression_rates": [
        5.82859823084217
    ],
    "time_per_epoch": [
        477.78264713287354,
        604.8088159561157,
        618.6451981067657,
        567.4258198738098,
        509.8263010978699,
        536.9360778331757,
        552.0411150455475,
        532.6536948680878,
        565.3153758049011,
        566.8040261268616,
        532.9799380302429,
        289.47064232826233,
        215.98863792419434
    ],
    "time_per_step": 1.274014682674089
}