{
    "training_loss": "[9.59403133392334, 9.117823600769043, 8.848823547363281, 8.648889541625977, 8.48874282836914, 8.366687774658203, 8.26600170135498, 8.17702579498291, 8.107686042785645, 7.898865699768066, 7.82106351852417, 7.781610012054443, 7.7506537437438965, 7.725400447845459, 7.703303813934326, 7.6850152015686035, 7.668107986450195, 7.652985095977783, 7.639255523681641, 7.62598180770874]",
    "training_acc": "[0.43452000617980957, 0.5649399757385254, 0.6311399936676025, 0.6806600093841553, 0.7206000089645386, 0.7554200291633606, 0.786080002784729, 0.8156599998474121, 0.8402199745178223, 0.9319599866867065, 0.9620000123977661, 0.9725000262260437, 0.9805600047111511, 0.9860000014305115, 0.989300012588501, 0.9913399815559387, 0.9937199950218201, 0.9950199723243713, 0.9958199858665466, 0.9975000023841858]",
    "val_loss": "[10.751238822937012, 9.560494422912598, 9.319326400756836, 8.972248077392578, 9.195159912109375, 9.031473159790039, 9.402983665466309, 8.856887817382812, 9.453834533691406, 8.534975051879883, 8.536933898925781, 8.546859741210938, 8.550278663635254, 8.549314498901367, 8.55440616607666, 8.56123161315918, 8.567391395568848, 8.57331371307373, 8.5731840133667, 8.569934844970703]",
    "val_acc": "[0.21289999783039093, 0.4593000113964081, 0.4546999931335449, 0.5645999908447266, 0.5149000287055969, 0.5497999787330627, 0.48489999771118164, 0.5992000102996826, 0.5428000092506409, 0.7013000249862671, 0.7010999917984009, 0.6992999911308289, 0.6998999714851379, 0.6972000002861023, 0.6948999762535095, 0.695900022983551, 0.6948000192642212, 0.6970999836921692, 0.6959999799728394, 0.6944000124931335]",
    "args": {
        "model": "ResNet18",
        "dataset": "cifar10",
        "strategy": "{\"optimizer\": \"sgd\", \"compression\": \"gradientsparsification\", \"learning_rate\": 0.01, \"k\": 0.05, \"max_iter\": 2}",
        "epochs": 45,
        "n_calls": null,
        "stop_patience": 10,
        "lr_decay": 3,
        "k_fold": 1,
        "lambda_l2": 0.00196,
        "fullset": 100.0,
        "log": 1,
        "gpu": 1,
        "train_on_baseline": 1,
        "bayesian_search": false
    },
    "compression_rates": [
        7.745323156129308
    ],
    "time_per_epoch": [
        249.58165788650513,
        258.57545709609985,
        257.2310628890991,
        258.102263212204,
        258.69835233688354,
        259.90431571006775,
        259.58978486061096,
        259.06139302253723,
        258.11763215065,
        257.8971529006958,
        257.06227803230286,
        257.7237739562988,
        259.10404205322266,
        257.18082785606384,
        261.1925141811371,
        259.6695489883423,
        261.6719229221344,
        258.86460423469543,
        258.2280230522156,
        256.0151388645172
    ],
    "time_per_step": 0.6373258767530436
}