{
    "training_loss": "[9.576531410217285, 9.041484832763672, 8.684272766113281, 8.395790100097656, 8.15114688873291, 7.939341068267822, 7.7592267990112305, 7.5902605056762695, 7.453456878662109, 7.255696773529053, 7.197076320648193, 7.168980598449707, 7.14584493637085, 7.1276116371154785, 7.110996723175049, 7.09710693359375, 7.0834455490112305, 7.070774555206299, 7.058533191680908, 7.049830436706543, 7.048649787902832, 7.047791957855225, 7.046630859375]",
    "training_acc": "[0.4278799891471863, 0.5673800110816956, 0.6422600150108337, 0.6994799971580505, 0.7506600022315979, 0.7954999804496765, 0.8315200209617615, 0.8674200177192688, 0.8969600200653076, 0.9691200256347656, 0.9883400201797485, 0.9930999875068665, 0.99617999792099, 0.9974600076675415, 0.9985600113868713, 0.9988399744033813, 0.9992799758911133, 0.9993000030517578, 0.9994199872016907, 0.9997000098228455, 0.9996799826622009, 0.9996600151062012, 0.9997000098228455]",
    "val_loss": "[10.596075057983398, 9.061351776123047, 9.262511253356934, 10.108014106750488, 8.79324722290039, 8.87929630279541, 8.512290954589844, 8.436664581298828, 8.508177757263184, 8.055981636047363, 8.047948837280273, 8.04770278930664, 8.045072555541992, 8.049413681030273, 8.052597999572754, 8.050359725952148, 8.051597595214844, 8.048931121826172, 8.048012733459473, 8.047927856445312, 8.04830551147461, 8.046618461608887, 8.046928405761719]",
    "val_acc": "[0.20180000364780426, 0.5299000144004822, 0.45329999923706055, 0.36250001192092896, 0.5411999821662903, 0.5357999801635742, 0.5892999768257141, 0.6089000105857849, 0.6022999882698059, 0.6988999843597412, 0.7014999985694885, 0.7017999887466431, 0.7016000151634216, 0.7020999789237976, 0.7026000022888184, 0.7027000188827515, 0.70169997215271, 0.703499972820282, 0.701200008392334, 0.70169997215271, 0.7020000219345093, 0.7023000121116638, 0.7013000249862671]",
    "args": {
        "model": "ResNet18",
        "dataset": "cifar10",
        "strategy": "{\"optimizer\": \"sgd\", \"compression\": \"gradientsparsification\", \"learning_rate\": 0.01, \"k\": 0.1, \"max_iter\": 2}",
        "epochs": 45,
        "n_calls": null,
        "stop_patience": 10,
        "lr_decay": 3,
        "k_fold": 1,
        "lambda_l2": 0.00196,
        "fullset": 100.0,
        "log": 1,
        "gpu": 1,
        "train_on_baseline": 1,
        "bayesian_search": false
    },
    "compression_rates": [
        5.136469223846372
    ],
    "time_per_epoch": [
        272.8977541923523,
        283.18129110336304,
        280.8714928627014,
        281.55036783218384,
        282.9280960559845,
        281.9010560512543,
        284.2102131843567,
        281.0836398601532,
        280.5036051273346,
        285.1400282382965,
        285.56963896751404,
        285.90311789512634,
        288.828595161438,
        290.25341176986694,
        263.7186930179596,
        263.74833822250366,
        264.8581738471985,
        264.283038854599,
        263.8373529911041,
        265.8501470088959,
        264.7773208618164,
        268.1020510196686,
        267.51224088668823
    ],
    "time_per_step": 0.6826490688599695
}