{
    "training_loss": "[9.616836547851562, 9.125844955444336, 8.852343559265137, 8.655942916870117, 8.499639511108398, 8.372123718261719, 8.27042007446289, 8.187744140625, 8.116259574890137, 7.899455547332764, 7.771104335784912, 7.694815158843994, 7.636383533477783, 7.591941833496094, 7.552989482879639, 7.525336265563965, 7.503879547119141, 7.4835662841796875, 7.4702558517456055, 7.432497501373291, 7.409864902496338, 7.392738342285156]",
    "training_acc": "[0.4301599860191345, 0.5658199787139893, 0.6346799731254578, 0.682200014591217, 0.7202399969100952, 0.7536399960517883, 0.7851999998092651, 0.8125600218772888, 0.8356199860572815, 0.9228799939155579, 0.9611999988555908, 0.9767799973487854, 0.9861800074577332, 0.9903200268745422, 0.992680013179779, 0.9929199814796448, 0.9918599724769592, 0.9922800064086914, 0.989579975605011, 0.9974799752235413, 0.9989799857139587, 0.999459981918335]",
    "val_loss": "[10.444940567016602, 9.998051643371582, 9.124074935913086, 9.022947311401367, 9.015873908996582, 9.132692337036133, 8.920230865478516, 9.1613187789917, 8.870100975036621, 8.65553092956543, 8.66008472442627, 8.638203620910645, 8.731313705444336, 8.715576171875, 8.761207580566406, 8.745962142944336, 8.849261283874512, 8.850017547607422, 8.775433540344238, 8.664639472961426, 8.655062675476074, 8.646756172180176]",
    "val_acc": "[0.24410000443458557, 0.3578999936580658, 0.527400016784668, 0.5418000221252441, 0.554099977016449, 0.5339999794960022, 0.5705000162124634, 0.5286999940872192, 0.61080002784729, 0.664900004863739, 0.6672999858856201, 0.6743000149726868, 0.6636000275611877, 0.6625999808311462, 0.6550999879837036, 0.6561999917030334, 0.6419000029563904, 0.6462000012397766, 0.6535000205039978, 0.6766999959945679, 0.669700026512146, 0.6725999712944031]",
    "args": {
        "model": "ResNet18",
        "dataset": "cifar10",
        "strategy": "{\"optimizer\": \"sgd\", \"compression\": \"gradientsparsification\", \"learning_rate\": 0.01, \"k\": 0.05, \"max_iter\": 2}",
        "epochs": 45,
        "n_calls": null,
        "stop_patience": 10,
        "lr_decay": 3,
        "k_fold": 1,
        "lambda_l2": 0.00196,
        "fullset": 100.0,
        "log": 1,
        "gpu": 1,
        "train_on_baseline": 1,
        "bayesian_search": false
    },
    "compression_rates": [
        7.6998521925920915
    ],
    "time_per_epoch": [
        261.9094760417938,
        275.1940243244171,
        272.56624698638916,
        269.2257809638977,
        272.6530771255493,
        272.4052999019623,
        273.9565451145172,
        273.76459217071533,
        270.2284140586853,
        270.0313000679016,
        274.4005489349365,
        276.34285521507263,
        274.2080020904541,
        274.6779019832611,
        275.75856471061707,
        274.0060181617737,
        275.6326308250427,
        269.31137204170227,
        262.26487493515015,
        262.9851038455963,
        263.13896584510803,
        262.5200729370117
    ],
    "time_per_step": 0.668865662595611
}