{
    "training_loss": "[5.07595157623291, 2.4704926013946533, 1.8278270959854126, 1.6308252811431885, 1.6167627573013306, 1.633266806602478, 1.5952445268630981, 1.5782184600830078, 1.5977188348770142, 1.6931267976760864, 1.651828408241272, 1.572013020515442, 1.5504465103149414, 1.5897588729858398, 1.670478343963623, 1.6776831150054932, 1.7204113006591797, 1.6911600828170776, 1.739192008972168, 1.8209097385406494, 1.7804619073867798, 1.7252975702285767]",
    "training_acc": "[0.7897666692733765, 0.92003333568573, 0.934333324432373, 0.939050018787384, 0.9405333399772644, 0.941433310508728, 0.9441499710083008, 0.944266676902771, 0.9429000020027161, 0.9436166882514954, 0.9451666474342346, 0.9463499784469604, 0.9448833465576172, 0.946399986743927, 0.9457499980926514, 0.9444500207901001, 0.9441666603088379, 0.944766640663147, 0.9447333216667175, 0.9452999830245972, 0.9465333223342896, 0.9468833208084106]",
    "val_loss": "[3.1009111404418945, 1.9892510175704956, 1.6326895952224731, 1.5844829082489014, 1.6196209192276, 1.608519196510315, 1.6033214330673218, 1.549247145652771, 1.6275684833526611, 1.6614564657211304, 1.594556212425232, 1.4833674430847168, 1.5257948637008667, 1.6278997659683228, 1.6323000192642212, 1.6998997926712036, 1.70274019241333, 1.6693949699401855, 1.7457119226455688, 1.8173582553863525, 1.6980644464492798, 1.7107386589050293]",
    "val_acc": "[0.911899983882904, 0.9373999834060669, 0.9427000284194946, 0.9451000094413757, 0.9513000249862671, 0.9433000087738037, 0.9488999843597412, 0.9399999976158142, 0.9535999894142151, 0.9563999772071838, 0.9503999948501587, 0.9571999907493591, 0.9581999778747559, 0.9520000219345093, 0.9462000131607056, 0.9538999795913696, 0.948199987411499, 0.9549000263214111, 0.9406999945640564, 0.9506000280380249, 0.9569000005722046, 0.9567999839782715]",
    "args": {
        "model": "LeNet",
        "dataset": "mnist",
        "strategy": "{\"optimizer\": \"sgd\", \"compression\": \"gradientsparsification\", \"learning_rate\": 0.01, \"k\": 0.01, \"max_iter\": 2}",
        "epochs": 45,
        "n_calls": null,
        "stop_patience": 10,
        "lr_decay": 3,
        "k_fold": 1,
        "lambda_l2": 0.025,
        "fullset": 100.0,
        "log": 1,
        "gpu": null,
        "train_on_baseline": 2,
        "bayesian_search": false
    },
    "compression_rates": [
        521.5940119277885
    ],
    "setup": {
        "batch_size": 32,
        "lr_decay": [
            25,
            37
        ],
        "drop_factor": 0.5,
        "min_lr": 0.0001
    },
    "time_per_epoch": [
        36.04708290100098,
        35.459235191345215,
        35.91750884056091,
        35.20487022399902,
        35.56072688102722,
        35.979259967803955,
        35.94882774353027,
        35.60723876953125,
        36.20643711090088,
        36.08947801589966,
        35.680135011672974,
        35.758141040802,
        36.2909939289093,
        35.917744874954224,
        36.524040937423706,
        36.04497408866882,
        35.79509925842285,
        36.37326908111572,
        37.22761678695679,
        35.44817399978638,
        35.12951588630676,
        35.24919080734253
    ],
    "time_per_step": 0.017937432936466102
}