{
    "training_loss": "[7.051736354827881, 4.722752571105957, 4.703003883361816, 4.13360071182251, 3.7705235481262207, 3.765146255493164, 3.8254802227020264, 4.505014419555664, 4.4357218742370605, 4.424670696258545, 3.8605880737304688, 3.9918372631073, 3.9636499881744385, 4.084936141967773, 4.202475070953369, 4.614553928375244]",
    "training_acc": "[0.7304499745368958, 0.8702166676521301, 0.8924000263214111, 0.9095666408538818, 0.9150000214576721, 0.9189500212669373, 0.9186000227928162, 0.9160500168800354, 0.9112833142280579, 0.913349986076355, 0.9154333472251892, 0.9125666618347168, 0.9137833118438721, 0.9157833456993103, 0.914816677570343, 0.9117833375930786]",
    "val_loss": "[4.857214450836182, 4.679535388946533, 4.341416358947754, 3.7290804386138916, 3.849745273590088, 3.6503705978393555, 4.175579071044922, 4.255680084228516, 4.327722072601318, 4.109304904937744, 3.8714566230773926, 3.777390241622925, 4.134410381317139, 4.002196311950684, 5.128239631652832, 4.058404445648193]",
    "val_acc": "[0.8708999752998352, 0.880299985408783, 0.9143000245094299, 0.9354000091552734, 0.9320999979972839, 0.9211000204086304, 0.9236000180244446, 0.90829998254776, 0.9174000024795532, 0.9327999949455261, 0.9151999950408936, 0.9294000267982483, 0.929099977016449, 0.9277999997138977, 0.7332000136375427, 0.9318000078201294]",
    "args": {
        "model": "LeNet",
        "dataset": "mnist",
        "strategy": "{\"optimizer\": \"sgd\", \"compression\": \"gradientsparsification\", \"learning_rate\": 0.01, \"k\": 0.005, \"max_iter\": 2}",
        "epochs": 45,
        "n_calls": null,
        "stop_patience": 10,
        "lr_decay": 3,
        "k_fold": 1,
        "lambda_l2": 0.038,
        "fullset": 100.0,
        "log": 1,
        "gpu": null,
        "train_on_baseline": 2,
        "bayesian_search": false
    },
    "compression_rates": [
        191.72144374222958
    ],
    "setup": {
        "batch_size": 32,
        "lr_decay": [
            25,
            37
        ],
        "drop_factor": 0.5,
        "min_lr": 0.0001
    },
    "time_per_epoch": [
        35.42883086204529,
        29.901108980178833,
        29.058094024658203,
        29.13170886039734,
        28.693175792694092,
        28.76511526107788,
        28.799650192260742,
        28.9564049243927,
        28.95592188835144,
        29.10529923439026,
        28.892019987106323,
        28.85864496231079,
        28.84681487083435,
        28.893767833709717,
        29.308252811431885,
        29.30388307571411
    ],
    "time_per_step": 0.014733654793103537
}