{
    "training_loss": "[6.740714073181152, 3.9664392471313477, 3.3584885597229004, 3.3267107009887695, 3.5916388034820557, 4.57309103012085, 4.211684226989746, 4.193140983581543, 4.238999843597412, 4.447713851928711, 4.519058704376221, 4.851797103881836, 4.388287544250488]",
    "training_acc": "[0.5923833250999451, 0.8876000046730042, 0.9107166528701782, 0.9118000268936157, 0.9128666520118713, 0.9058499932289124, 0.9144499897956848, 0.9136333465576172, 0.9156166911125183, 0.9136499762535095, 0.9113500118255615, 0.9042666554450989, 0.9062166810035706]",
    "val_loss": "[4.681873798370361, 3.4615883827209473, 2.9928719997406006, 3.496232032775879, 3.8411316871643066, 4.6216888427734375, 3.7988831996917725, 4.341552257537842, 4.164515495300293, 4.266557693481445, 4.337856769561768, 4.7154436111450195, 4.220369338989258]",
    "val_acc": "[0.885200023651123, 0.9168000221252441, 0.9343000054359436, 0.9136999845504761, 0.9265999794006348, 0.9247000217437744, 0.9272000193595886, 0.9103000164031982, 0.9279999732971191, 0.9200999736785889, 0.9221000075340271, 0.8885999917984009, 0.9229000210762024]",
    "args": {
        "model": "LeNet",
        "dataset": "mnist",
        "strategy": "{\"optimizer\": \"sgd\", \"compression\": \"gradientsparsification\", \"learning_rate\": 0.01, \"k\": 0.005, \"max_iter\": 2}",
        "epochs": 45,
        "n_calls": null,
        "stop_patience": 10,
        "lr_decay": 3,
        "k_fold": 1,
        "lambda_l2": 0.038,
        "fullset": 100.0,
        "log": 1,
        "gpu": null,
        "train_on_baseline": 2,
        "bayesian_search": false
    },
    "compression_rates": [
        550.2411592081229
    ],
    "setup": {
        "batch_size": 32,
        "lr_decay": [
            25,
            37
        ],
        "drop_factor": 0.5,
        "min_lr": 0.0001
    },
    "time_per_epoch": [
        44.93043494224548,
        47.232354164123535,
        45.42180299758911,
        44.05013585090637,
        43.91707491874695,
        44.45695686340332,
        45.30550503730774,
        45.13329887390137,
        45.02204394340515,
        44.50960898399353,
        44.620006799697876,
        44.91251087188721,
        45.22962307929993
    ],
    "time_per_step": 0.022492904350085136
}