{
    "training_loss": "[5.014892578125, 2.28132963180542, 1.7320835590362549, 1.5986251831054688, 1.5203289985656738, 1.578210711479187, 1.6746113300323486, 1.5820012092590332, 1.645950436592102, 1.7702833414077759, 1.7358084917068481, 1.6980808973312378, 1.6760929822921753, 1.6963790655136108]",
    "training_acc": "[0.7994833588600159, 0.9248999953269958, 0.9348499774932861, 0.9383999705314636, 0.9412166476249695, 0.9401500225067139, 0.9437166452407837, 0.9430666565895081, 0.9430333375930786, 0.942300021648407, 0.9432166814804077, 0.9438166618347168, 0.9449833035469055, 0.9442499876022339]",
    "val_loss": "[2.9411890506744385, 1.8933426141738892, 1.6354913711547852, 1.4932843446731567, 1.5212745666503906, 1.6559085845947266, 1.5437872409820557, 1.5973994731903076, 1.6828433275222778, 1.6635818481445312, 1.7194929122924805, 1.6484549045562744, 1.6281578540802002, 1.7469828128814697]",
    "val_acc": "[0.9269999861717224, 0.9381999969482422, 0.9352999925613403, 0.95169997215271, 0.9502999782562256, 0.9514999985694885, 0.9570000171661377, 0.9495000243186951, 0.9553999900817871, 0.9567000269889832, 0.9513000249862671, 0.9451000094413757, 0.95169997215271, 0.9455000162124634]",
    "args": {
        "model": "LeNet",
        "dataset": "mnist",
        "strategy": "{\"optimizer\": \"sgd\", \"compression\": \"gradientsparsification\", \"learning_rate\": 0.01, \"k\": 0.01, \"max_iter\": 2}",
        "epochs": 45,
        "n_calls": null,
        "stop_patience": 10,
        "lr_decay": 3,
        "k_fold": 1,
        "lambda_l2": 0.025,
        "fullset": 100.0,
        "log": 1,
        "gpu": null,
        "train_on_baseline": 2,
        "bayesian_search": false
    },
    "compression_rates": [
        512.8656364708482
    ],
    "setup": {
        "batch_size": 32,
        "lr_decay": [
            25,
            37
        ],
        "drop_factor": 0.5,
        "min_lr": 0.0001
    },
    "time_per_epoch": [
        19.087228059768677,
        18.954144954681396,
        18.996070861816406,
        19.619522094726562,
        19.64142394065857,
        22.897034883499146,
        30.349586963653564,
        35.29543375968933,
        37.079395055770874,
        37.272217750549316,
        36.6084258556366,
        36.72959113121033,
        36.48508429527283,
        36.09657597541809
    ],
    "time_per_step": 0.01446006768544515
}