{
    "training_loss": "[5.130135536193848, 2.434483766555786, 1.775918960571289, 1.5496883392333984, 1.5099575519561768, 1.5452616214752197, 1.4387547969818115, 1.4918246269226074, 1.5538567304611206, 1.557945728302002, 1.5429342985153198, 1.590246319770813, 1.6614317893981934, 1.5721896886825562, 1.5884244441986084, 1.6760083436965942, 1.69845712184906]",
    "training_acc": "[0.7702999711036682, 0.9203166961669922, 0.930483341217041, 0.9369500279426575, 0.9394999742507935, 0.9407833218574524, 0.9437166452407837, 0.9432833194732666, 0.941516637802124, 0.9422000050544739, 0.9428166747093201, 0.9408000111579895, 0.9402833580970764, 0.9433000087738037, 0.944016695022583, 0.9432833194732666, 0.9446499943733215]",
    "val_loss": "[3.0526742935180664, 1.9522793292999268, 1.5936213731765747, 1.543383240699768, 1.592930793762207, 1.5378831624984741, 1.400063395500183, 1.488511323928833, 1.624821662902832, 1.4833775758743286, 1.5458720922470093, 1.6622705459594727, 1.6118409633636475, 1.5652711391448975, 1.5565428733825684, 1.630247712135315, 1.6121760606765747]",
    "val_acc": "[0.9243999719619751, 0.9394999742507935, 0.9484000205993652, 0.9300000071525574, 0.929099977016449, 0.9429000020027161, 0.9549000263214111, 0.9470000267028809, 0.9333000183105469, 0.9538999795913696, 0.9526000022888184, 0.939300000667572, 0.9538000226020813, 0.9545000195503235, 0.9528999924659729, 0.954200029373169, 0.9437999725341797]",
    "args": {
        "model": "LeNet",
        "dataset": "mnist",
        "strategy": "{\"optimizer\": \"sgd\", \"compression\": \"gradientsparsification\", \"learning_rate\": 0.01, \"k\": 0.01, \"max_iter\": 2}",
        "epochs": 45,
        "n_calls": null,
        "stop_patience": 10,
        "lr_decay": 3,
        "k_fold": 1,
        "lambda_l2": 0.025,
        "fullset": 100.0,
        "log": 1,
        "gpu": null,
        "train_on_baseline": 2,
        "bayesian_search": false
    },
    "compression_rates": [
        303.06828139333606
    ],
    "setup": {
        "batch_size": 32,
        "lr_decay": [
            25,
            37
        ],
        "drop_factor": 0.5,
        "min_lr": 0.0001
    },
    "time_per_epoch": [
        39.28934693336487,
        39.05748772621155,
        38.91608214378357,
        38.04875373840332,
        38.585793018341064,
        37.98981595039368,
        38.3623411655426,
        40.47205471992493,
        38.59408211708069,
        38.10297107696533,
        38.467031955718994,
        39.082120180130005,
        38.63952994346619,
        38.38166880607605,
        38.63799595832825,
        38.68307709693909,
        38.307595014572144
    ],
    "time_per_step": 0.019336265459247663
}