{
    "training_loss": "[5.020048141479492, 2.3956592082977295, 1.860976219177246, 1.7101496458053589, 1.6313265562057495, 1.6389424800872803, 1.6711628437042236, 1.686906099319458, 1.6126282215118408, 1.601820468902588, 1.5882586240768433, 1.6418488025665283, 1.8347246646881104, 1.7502598762512207, 1.6941310167312622, 1.7152305841445923, 1.6571881771087646, 1.660950779914856, 1.8258883953094482]",
    "training_acc": "[0.8171333074569702, 0.9160666465759277, 0.9308333396911621, 0.9346833229064941, 0.9392499923706055, 0.941100001335144, 0.9397666454315186, 0.9410833120346069, 0.9445499777793884, 0.9454333186149597, 0.9433500170707703, 0.9450333118438721, 0.9438833594322205, 0.9459166526794434, 0.9457499980926514, 0.947866678237915, 0.9491833448410034, 0.946233332157135, 0.9445499777793884]",
    "val_loss": "[3.049577236175537, 1.9796175956726074, 1.6665925979614258, 1.6738669872283936, 1.6781926155090332, 1.6207683086395264, 1.7385510206222534, 1.6400355100631714, 1.5271292924880981, 1.554511308670044, 1.549198031425476, 1.7692056894302368, 1.841492772102356, 1.6158487796783447, 1.6929172277450562, 1.75065279006958, 1.6152151823043823, 1.6805336475372314, 1.787221074104309]",
    "val_acc": "[0.9128999710083008, 0.9341999888420105, 0.9451000094413757, 0.9501000046730042, 0.9269000291824341, 0.954200029373169, 0.9372000098228455, 0.9430999755859375, 0.9570000171661377, 0.9429000020027161, 0.9524999856948853, 0.9509999752044678, 0.9487000107765198, 0.9567000269889832, 0.9452000260353088, 0.942799985408783, 0.95169997215271, 0.9474999904632568, 0.9508000016212463]",
    "args": {
        "model": "LeNet",
        "dataset": "mnist",
        "strategy": "{\"optimizer\": \"sgd\", \"compression\": \"gradientsparsification\", \"learning_rate\": 0.01, \"k\": 0.01, \"max_iter\": 2}",
        "epochs": 45,
        "n_calls": null,
        "stop_patience": 10,
        "lr_decay": 3,
        "k_fold": 1,
        "lambda_l2": 0.025,
        "fullset": 100.0,
        "log": 1,
        "gpu": null,
        "train_on_baseline": 2,
        "bayesian_search": false
    },
    "compression_rates": [
        189.78407459542098
    ],
    "setup": {
        "batch_size": 32,
        "lr_decay": [
            25,
            37
        ],
        "drop_factor": 0.5,
        "min_lr": 0.0001
    },
    "time_per_epoch": [
        45.385518074035645,
        44.41709327697754,
        45.20879912376404,
        44.64264798164368,
        45.09167957305908,
        45.007654905319214,
        45.174513816833496,
        45.32722520828247,
        44.70511984825134,
        45.094969034194946,
        45.24917483329773,
        44.8341109752655,
        45.90251588821411,
        45.00846004486084,
        45.057002782821655,
        45.02964425086975,
        45.21486020088196,
        45.35626721382141,
        45.583632707595825
    ],
    "time_per_step": 0.022559245233368455
}