{
  "training_loss": "[1.2219239473342896, 1.0865260362625122, 1.2000879049301147, 1.252623438835144, 1.1927343606948853, 1.1551133394241333, 1.1313929557800293, 1.1173737049102783, 1.1147328615188599, 1.1122727394104004, 1.110650897026062]",
  "training_acc": "[0.795283317565918, 0.9108166694641113, 0.923550009727478, 0.9301666617393494, 0.9531833529472351, 0.9598166942596436, 0.9618499875068665, 0.9638166427612305, 0.9643833041191101, 0.9647166728973389, 0.9652000069618225]",
  "val_loss": "[0.9185243844985962, 1.1732040643692017, 1.2713247537612915, 1.248329520225525, 1.1596401929855347, 1.1355304718017578, 1.1162328720092773, 1.1128649711608887, 1.1105841398239136, 1.1086806058883667, 1.1084481477737427]",
  "val_acc": "[0.9301000237464905, 0.9189000129699707, 0.9243000149726868, 0.9416999816894531, 0.958299994468689, 0.9627000093460083, 0.963100016117096, 0.9632999897003174, 0.9631999731063843, 0.9635000228881836, 0.9635000228881836]",
  "args": {
    "model": "LeNet",
    "dataset": "mnist",
    "strategy": "{\"optimizer\": \"sgd\", \"compression\": \"gradientsparsification\", \"learning_rate\": 0.01, \"k\": 0.005, \"max_iter\": 2}",
    "epochs": 45,
    "n_calls": null,
    "stop_patience": 10,
    "lr_decay": 3,
    "k_fold": 1,
    "lambda_l2": 0.0015,
    "fullset": 100.0,
    "log": 1,
    "gpu": null,
    "train_on_baseline": 1,
    "bayesian_search": false
  },
  "compression_rates": [
    733.3323489994013
  ],
  "time_per_epoch": [
    34.45521116256714,
    34.46916103363037,
    34.892431020736694,
    34.44176983833313,
    34.73177909851074,
    34.474178075790405,
    34.84121799468994,
    35.236767053604126,
    34.83366823196411,
    34.599623918533325,
    35.040908098220825
  ],
  "time_per_step": 0.01753993674769546
}