{
    "training_loss": "[1.4039303064346313, 1.268014669418335, 1.8420480489730835, 1.953299880027771, 1.9441367387771606, 1.8452250957489014, 1.7211763858795166, 1.5715049505233765, 1.4703388214111328, 1.350649356842041, 1.269024133682251]",
    "training_acc": "[0.7376499772071838, 0.8908166885375977, 0.8707833290100098, 0.9054499864578247, 0.9204000234603882, 0.9379166960716248, 0.946399986743927, 0.9569000005722046, 0.960349977016449, 0.9691166877746582, 0.9736833572387695]",
    "val_loss": "[1.024375557899475, 1.644130825996399, 1.9011460542678833, 1.9173057079315186, 1.8519566059112549, 1.7547560930252075, 1.6434091329574585, 1.5264365673065186, 1.4080296754837036, 1.3245476484298706, 1.2510043382644653]",
    "val_acc": "[0.9178000092506409, 0.8644999861717224, 0.8902999758720398, 0.9243999719619751, 0.9398000240325928, 0.9480999708175659, 0.9492999911308289, 0.9541000127792358, 0.9605000019073486, 0.9664999842643738, 0.9702000021934509]",
    "args": {
        "model": "LeNet",
        "dataset": "mnist",
        "strategy": "{\"optimizer\": \"sgd\", \"compression\": \"gradientsparsification\", \"learning_rate\": 0.01, \"k\": 0.005, \"max_iter\": 2}",
        "epochs": 45,
        "n_calls": null,
        "stop_patience": 10,
        "lr_decay": 3,
        "k_fold": 1,
        "lambda_l2": 0.0015,
        "fullset": 100.0,
        "log": 2,
        "gpu": null,
        "train_on_baseline": 1,
        "bayesian_search": false
    },
    "compression_rates": [
        736.1440718899429
    ],
    "time_per_epoch": [
        39.54866409301758,
        37.79022192955017,
        37.55555772781372,
        37.466225147247314,
        37.43784213066101,
        37.95560812950134,
        37.9511239528656,
        37.80884790420532,
        37.811821937561035,
        37.599294900894165,
        37.63020062446594
    ],
    "time_per_step": 0.019153987375895184
}