{
    "training_loss": "[1.3347198963165283, 1.1788272857666016, 1.4546473026275635, 1.4664610624313354, 1.4747682809829712, 1.3654216527938843, 1.2549452781677246, 1.2050108909606934, 1.171130657196045, 1.0853545665740967, 1.0325515270233154]",
    "training_acc": "[0.741683304309845, 0.902816653251648, 0.9049999713897705, 0.9254666566848755, 0.9319833517074585, 0.9457499980926514, 0.9585333466529846, 0.9550333619117737, 0.953416645526886, 0.9665666818618774, 0.9701666831970215]",
    "val_loss": "[1.0040075778961182, 1.318103313446045, 1.5141751766204834, 1.4787907600402832, 1.3983955383300781, 1.294536828994751, 1.2280203104019165, 1.2160035371780396, 1.1446189880371094, 1.0661522150039673, 1.0202267169952393]",
    "val_acc": "[0.9004999995231628, 0.9161999821662903, 0.9092000126838684, 0.9284999966621399, 0.9448000192642212, 0.9531000256538391, 0.958899974822998, 0.9429000020027161, 0.9567000269889832, 0.9664999842643738, 0.9681000113487244]",
    "args": {
        "model": "LeNet",
        "dataset": "mnist",
        "strategy": "{\"optimizer\": \"sgd\", \"compression\": \"gradientsparsification\", \"learning_rate\": 0.01, \"k\": 0.005, \"max_iter\": 2}",
        "epochs": 45,
        "n_calls": null,
        "stop_patience": 10,
        "lr_decay": 3,
        "k_fold": 1,
        "lambda_l2": 0.0015,
        "fullset": 100.0,
        "log": 2,
        "gpu": null,
        "train_on_baseline": 1,
        "bayesian_search": false
    },
    "compression_rates": [
        740.1956358806883
    ],
    "time_per_epoch": [
        33.39254927635193,
        33.03520107269287,
        33.38202524185181,
        33.36431694030762,
        33.22453188896179,
        33.32839488983154,
        33.45763611793518,
        33.271679162979126,
        33.25209379196167,
        33.416831970214844,
        33.4974308013916
    ],
    "time_per_step": 0.016865408810702236
}