{
    "training_loss": "[1.451927661895752, 1.0456087589263916, 1.139140248298645, 1.1782310009002686, 1.3245584964752197, 2.0150086879730225, 2.150174140930176, 1.9438250064849854, 1.7311259508132935, 1.5725942850112915, 1.474029779434204]",
    "training_acc": "[0.7116833329200745, 0.9183666706085205, 0.9276000261306763, 0.9349333047866821, 0.9165166616439819, 0.8803333044052124, 0.8890500068664551, 0.9175833463668823, 0.9420166611671448, 0.9571499824523926, 0.9624166488647461]",
    "val_loss": "[0.9467464089393616, 1.1679342985153198, 1.190653681755066, 1.1938731670379639, 1.5792168378829956, 2.15451979637146, 2.062028408050537, 1.8319847583770752, 1.6344186067581177, 1.5294556617736816, 1.4385502338409424]",
    "val_acc": "[0.9272000193595886, 0.9023000001907349, 0.9315999746322632, 0.9409000277519226, 0.879800021648407, 0.9036999940872192, 0.902400016784668, 0.9291999936103821, 0.9496999979019165, 0.9585000276565552, 0.9621000289916992]",
    "args": {
        "model": "LeNet",
        "dataset": "mnist",
        "strategy": "{\"optimizer\": \"sgd\", \"compression\": \"gradientsparsification\", \"learning_rate\": 0.01, \"k\": 0.005, \"max_iter\": 2}",
        "epochs": 45,
        "n_calls": null,
        "stop_patience": 10,
        "lr_decay": 3,
        "k_fold": 1,
        "lambda_l2": 0.0015,
        "fullset": 100.0,
        "log": 2,
        "gpu": null,
        "train_on_baseline": 1,
        "bayesian_search": false
    },
    "compression_rates": [
        739.0559268580638
    ],
    "time_per_epoch": [
        31.87935209274292,
        31.885700941085815,
        31.87620520591736,
        32.054797887802124,
        31.98554491996765,
        32.11724591255188,
        31.89827871322632,
        32.07105898857117,
        31.755339860916138,
        31.86521816253662,
        32.052160024642944
    ],
    "time_per_step": 0.01617123445453066
}