{
  "training_loss": "[1.4075995683670044, 1.0755070447921753, 1.3280729055404663, 1.5754456520080566, 1.4633122682571411, 1.4098824262619019, 1.3752580881118774, 1.353955864906311, 1.3503903150558472, 1.347387671470642, 1.345159888267517]",
  "training_acc": "[0.7184666395187378, 0.9141499996185303, 0.9047499895095825, 0.8957499861717224, 0.9352333545684814, 0.9444000124931335, 0.94923335313797, 0.9529666900634766, 0.9536166787147522, 0.9540500044822693, 0.9545000195503235]",
  "val_loss": "[0.9947342872619629, 1.086307168006897, 1.3781033754348755, 1.5274661779403687, 1.4242700338363647, 1.3783854246139526, 1.354242205619812, 1.3471733331680298, 1.3445243835449219, 1.3411247730255127, 1.340785026550293]",
  "val_acc": "[0.9100000262260437, 0.9366000294685364, 0.9138000011444092, 0.921999990940094, 0.9445000290870667, 0.9498999714851379, 0.9516000151634216, 0.9544000029563904, 0.954200029373169, 0.9544000029563904, 0.9545000195503235]",
  "args": {
    "model": "LeNet",
    "dataset": "mnist",
    "strategy": "{\"optimizer\": \"sgd\", \"compression\": \"gradientsparsification\", \"learning_rate\": 0.01, \"k\": 0.005, \"max_iter\": 2}",
    "epochs": 45,
    "n_calls": null,
    "stop_patience": 10,
    "lr_decay": 3,
    "k_fold": 1,
    "lambda_l2": 0.0015,
    "fullset": 100.0,
    "log": 1,
    "gpu": null,
    "train_on_baseline": 1,
    "bayesian_search": false
  },
  "compression_rates": [
    735.5546314117962
  ],
  "time_per_epoch": [
    29.392553091049194,
    29.704941034317017,
    29.84149694442749,
    32.57499170303345,
    34.168761014938354,
    33.890544176101685,
    33.77621340751648,
    33.986130237579346,
    33.89335298538208,
    33.977538108825684,
    33.98409605026245
  ],
  "time_per_step": 0.01649780369382916
}