{
    "training_loss": "[1.5760428, 1.064645, 0.7877896, 0.5735255, 0.40288, 0.27932146, 0.20037061, 0.15378988, 0.123294964, 0.1033273, 0.092151314, 0.12579504, 0.0532606, 0.02667018, 0.14312682, 0.07664109, 0.03413471, 0.032015655, 0.13069029, 0.074216515, 0.020497754, 0.004068215, 0.0029032945, 0.002352773, 0.0020028008, 0.0017564462, 0.0015718204, 0.0014287188, 0.001314121, 0.0012191149, 0.0011402008, 0.001073334, 0.0010156144, 0.0009655845, 0.0009218019, 0.00088330137, 0.0008490565, 0.0008185657, 0.00079114543, 0.00076638756]",
    "training_acc": "[0.13814, 0.44006, 0.84826, 0.96156, 0.9834, 0.98838, 0.99114, 0.99202, 0.99316, 0.9945, 0.99378, 0.99298, 0.9981, 0.99856, 0.98, 0.99798, 0.99876, 0.9974, 0.9888, 0.99758, 0.99962, 0.99998, 0.99998, 0.99998, 0.99998, 0.99998, 0.99998, 0.99998, 0.99998, 0.99998, 1.0, 1.0, 1.0, 1.0, 1.0, 1.0, 1.0, 1.0, 1.0, 1.0]",
    "val_loss": "[2.6616507, 1.5817554, 0.9562321, 0.94974697, 0.8848464, 0.98399174, 0.896273, 1.0060432, 0.93997973, 1.0901623, 1.2178676, 0.94292384, 0.98740625, 1.1098577, 0.863372, 0.97403955, 1.0839381, 1.1534353, 0.966479, 1.0034146, 0.8137764, 0.81701154, 0.8193542, 0.8224273, 0.82563704, 0.82811916, 0.83026075, 0.83309984, 0.8350913, 0.8368319, 0.8387782, 0.8406378, 0.8416411, 0.84355736, 0.84456635, 0.8460339, 0.8472058, 0.84878075, 0.84955996, 0.8504136]",
    "val_acc": "[0.1906, 0.4552, 0.668, 0.6814, 0.7125, 0.7143, 0.7399, 0.7267, 0.7473, 0.7303, 0.7081, 0.7622, 0.7652, 0.7541, 0.7606, 0.7599, 0.7567, 0.7506, 0.7598, 0.7686, 0.8017, 0.8046, 0.8051, 0.8065, 0.807, 0.8072, 0.8074, 0.807, 0.8077, 0.8074, 0.8069, 0.8068, 0.8073, 0.8074, 0.8075, 0.8075, 0.8077, 0.808, 0.8075, 0.8079]",
    "args": {
        "model": "ResNet18",
        "dataset": "cifar10",
        "strategy": "{\"optimizer\": \"sgd\", \"compression\": \"gradientsparsification\", \"learning_rate\": 0.1, \"k\": 0.3, \"max_iter\": 2}",
        "epochs": 40,
        "n_calls": null,
        "stop_patience": 15,
        "lr_decay": 3,
        "k_fold": 1,
        "lambda_l2": 0.001,
        "fullset": 100.0,
        "log": 1,
        "gpu": 1,
        "train_on_baseline": 1,
        "bayesian_search": false
    },
    "compression_rates": [
        1.9089308860602516
    ],
    "setup": {
        "batch_size": 256,
        "lr_decay": [
            20
        ],
        "drop_factor": 0.1,
        "min_lr": 0.0010000000000000002
    },
    "time_per_epoch": [
        133.24278378486633,
        125.36161160469055,
        111.8255467414856,
        111.19690918922424,
        113.61093163490295,
        135.64815139770508,
        135.93499541282654,
        131.14234018325806,
        132.20312476158142,
        130.99977016448975,
        129.59388875961304,
        114.80235385894775,
        110.23305249214172,
        109.08636450767517,
        117.02719163894653,
        127.8752236366272,
        127.56163263320923,
        129.22786116600037,
        131.43353652954102,
        127.71718382835388,
        128.72959637641907,
        112.17763471603394,
        112.89600729942322,
        113.25569462776184,
        127.01178479194641,
        131.88779020309448,
        130.0597767829895,
        132.21471881866455,
        131.85263776779175,
        131.42646408081055,
        129.01908493041992,
        113.76765966415405,
        110.89278030395508,
        111.16151475906372,
        125.4709825515747,
        131.63283157348633,
        127.67406845092773,
        131.1998691558838,
        129.05236506462097,
        126.93302273750305
    ]
}