{
    "training_loss": "[1.5918359, 1.073946, 0.807626, 0.605448, 0.44911647, 0.33370298, 0.26865956, 0.2142609, 0.15918005, 0.15939002, 0.13681348, 0.1170172, 0.11407051, 0.10079396, 0.094603166, 0.105918415, 0.07714219, 0.08467674, 0.07649486, 0.071556985, 0.03200591, 0.00564738, 0.003890576, 0.0030992012, 0.0026047635, 0.0022610284, 0.0020076013, 0.001811119, 0.001654645, 0.0015258844, 0.0014200681, 0.0013302546, 0.0012530147, 0.0011863977, 0.0011285137, 0.0010777003, 0.0010329454, 0.0009929579, 0.00095681177, 0.0009243288]",
    "training_acc": "[0.12364, 0.39256, 0.84322, 0.96408, 0.98192, 0.98904, 0.99024, 0.99166, 0.99464, 0.99362, 0.99428, 0.99612, 0.99448, 0.99546, 0.9958, 0.9948, 0.99724, 0.99606, 0.9971, 0.99704, 0.99952, 0.99998, 0.99998, 1.0, 1.0, 1.0, 1.0, 1.0, 1.0, 1.0, 1.0, 1.0, 1.0, 1.0, 1.0, 1.0, 1.0, 1.0, 1.0, 1.0]",
    "val_loss": "[3.1668499, 1.3774045, 0.9324109, 0.8190627, 0.8455448, 0.80103844, 0.8937227, 0.8298782, 0.9616008, 0.8929159, 0.94362193, 0.9411038, 0.9048766, 1.0032926, 1.0217271, 0.9159943, 0.9493799, 0.93794215, 0.9403585, 1.0513027, 0.7953223, 0.7950398, 0.79767686, 0.80066425, 0.80401266, 0.80670583, 0.80853814, 0.81138027, 0.8126939, 0.81416976, 0.8163021, 0.81822073, 0.81905854, 0.82049274, 0.82170284, 0.82297313, 0.823902, 0.82509995, 0.8258785, 0.82681143]",
    "val_acc": "[0.1312, 0.5104, 0.6741, 0.7173, 0.7206, 0.7422, 0.7367, 0.7525, 0.7285, 0.7512, 0.7507, 0.7639, 0.7669, 0.7522, 0.7597, 0.7687, 0.7665, 0.7795, 0.7771, 0.7601, 0.8098, 0.8118, 0.8121, 0.8129, 0.8124, 0.8125, 0.812, 0.8126, 0.8123, 0.8136, 0.8136, 0.8134, 0.8136, 0.8126, 0.8135, 0.8135, 0.8139, 0.814, 0.8144, 0.8149]",
    "args": {
        "model": "ResNet18",
        "dataset": "cifar10",
        "strategy": "{\"optimizer\": \"sgd\", \"compression\": \"gradientsparsification\", \"learning_rate\": 0.1, \"k\": 0.1, \"max_iter\": 2}",
        "epochs": 40,
        "n_calls": null,
        "stop_patience": 15,
        "lr_decay": 3,
        "k_fold": 1,
        "lambda_l2": 0.001,
        "fullset": 100.0,
        "log": 1,
        "gpu": 1,
        "train_on_baseline": 1,
        "bayesian_search": false
    },
    "compression_rates": [
        5.719651622237484
    ],
    "setup": {
        "batch_size": 256,
        "lr_decay": [
            20
        ],
        "drop_factor": 0.1,
        "min_lr": 0.0010000000000000002
    },
    "time_per_epoch": [
        124.4179437160492,
        112.57737922668457,
        112.23383522033691,
        111.4502604007721,
        128.65011715888977,
        129.654212474823,
        130.4323489665985,
        132.2875509262085,
        130.76130414009094,
        131.61281943321228,
        126.79213619232178,
        112.00466179847717,
        113.57529711723328,
        111.4363763332367,
        131.77461171150208,
        132.46640539169312,
        130.41499304771423,
        139.61124277114868,
        140.34697484970093,
        142.36945962905884,
        133.86701941490173,
        114.86588597297668,
        115.30199193954468,
        116.51697754859924,
        133.52102136611938,
        128.9674026966095,
        129.42707467079163,
        130.8488428592682,
        131.49217176437378,
        130.8146677017212,
        130.61558938026428,
        119.27625489234924,
        117.75723028182983,
        121.62297058105469,
        137.07602262496948,
        139.71213841438293,
        136.87646055221558,
        131.1293647289276,
        131.70362830162048,
        129.81580185890198
    ]
}