{
    "training_loss": "[0.9111241102218628, 0.7246661186218262, 0.6940480470657349, 0.6763161420822144, 0.6685847043991089, 0.6569991707801819, 0.6490858197212219, 0.648480236530304, 0.645080029964447, 0.642543375492096, 0.6389903426170349, 0.6360340714454651, 0.6310513615608215, 0.6302082538604736, 0.6325925588607788, 0.6322442293167114, 0.632828414440155, 0.6333549618721008, 0.626011848449707, 0.6256131529808044, 0.6321141123771667, 0.6281641721725464, 0.6274741291999817]",
    "training_acc": "[0.885200023651123, 0.9455666542053223, 0.9525666832923889, 0.9544333219528198, 0.95701664686203, 0.9597499966621399, 0.959766685962677, 0.9606166481971741, 0.9610499739646912, 0.9615166783332825, 0.962149977684021, 0.9625666737556458, 0.9643833041191101, 0.9638500213623047, 0.9639999866485596, 0.9634666442871094, 0.9625999927520752, 0.962933361530304, 0.9644333124160767, 0.9650499820709229, 0.9635499715805054, 0.9641500115394592, 0.9648333191871643]",
    "val_loss": "[0.7236195802688599, 0.6947314739227295, 0.703522264957428, 0.7105877995491028, 0.644734263420105, 0.6377038359642029, 0.634450376033783, 0.6575440168380737, 0.638899028301239, 0.6246318221092224, 0.6261124610900879, 0.6375650763511658, 0.591079592704773, 0.6017035841941833, 0.6494074463844299, 0.6036195755004883, 0.6014790534973145, 0.6200741529464722, 0.5999192595481873, 0.6019346117973328, 0.6116488575935364, 0.6124614477157593, 0.6136617064476013]",
    "val_acc": "[0.9472000002861023, 0.9545000195503235, 0.9456999897956848, 0.9435999989509583, 0.9657999873161316, 0.9648000001907349, 0.965399980545044, 0.9546999931335449, 0.9629999995231628, 0.9659000039100647, 0.9659000039100647, 0.9603000283241272, 0.9758999943733215, 0.9724000096321106, 0.9578999876976013, 0.9686999917030334, 0.9700000286102295, 0.9674999713897705, 0.972100019454956, 0.972000002861023, 0.968500018119812, 0.9693999886512756, 0.9684000015258789]",
    "args": {
        "model": "LeNet",
        "dataset": "mnist",
        "strategy": "{\"optimizer\": \"fetchsgd\", \"compression\": \"none\", \"learning_rate\": 0.01, \"c\": 1000, \"r\": 1,\n                \"topk\": 1000, \"momentum\": 0.9}",
        "epochs": 45,
        "n_calls": null,
        "stop_patience": 10,
        "lr_decay": 3,
        "k_fold": 1,
        "lambda_l2": 0.0015,
        "fullset": 100.0,
        "log": 1,
        "gpu": null,
        "train_on_baseline": 1,
        "bayesian_search": false
    },
    "compression_rates": [
        6.3186248003775365
    ],
    "time_per_epoch": [
        53.60039305686951,
        53.789424896240234,
        53.5533549785614,
        54.063555002212524,
        54.433886766433716,
        53.88452672958374,
        51.77269005775452,
        51.91934680938721,
        51.99746608734131,
        52.13860821723938,
        52.1780788898468,
        52.41095209121704,
        51.62080001831055,
        51.853607177734375,
        52.00354290008545,
        52.19262385368347,
        51.95524311065674,
        51.8096227645874,
        52.04455208778381,
        51.91193199157715,
        52.28628611564636,
        52.31066584587097,
        52.62350797653198
    ],
    "time_per_step": 0.026782651005620543
}