{
    "training_loss": "[0.7598155736923218, 0.5825413465499878, 0.5545019507408142, 0.5377261638641357, 0.5302278399467468, 0.5211760997772217, 0.5187342166900635, 0.5133528113365173, 0.5111586451530457, 0.5070939064025879, 0.5074678659439087, 0.502609372138977, 0.5017231702804565, 0.5005318522453308, 0.49424585700035095, 0.49618569016456604, 0.49421200156211853, 0.49346286058425903, 0.49476805329322815, 0.4918336570262909, 0.4885602295398712, 0.48825621604919434]",
    "training_acc": "[0.9123666882514954, 0.9617166519165039, 0.9658499956130981, 0.9693166613578796, 0.9713500142097473, 0.9729499816894531, 0.9726166725158691, 0.9729166626930237, 0.9739166498184204, 0.9737333059310913, 0.9743833541870117, 0.9752333164215088, 0.9749666452407837, 0.9743499755859375, 0.9764999747276306, 0.9759500026702881, 0.9763500094413757, 0.9762166738510132, 0.9757333397865295, 0.9760666489601135, 0.9770833253860474, 0.9769499897956848]",
    "val_loss": "[0.5663430690765381, 0.5496299862861633, 0.516322672367096, 0.5290316343307495, 0.5167067646980286, 0.5045968294143677, 0.5020015239715576, 0.5101590752601624, 0.49167582392692566, 0.5064687728881836, 0.48940160870552063, 0.4867526888847351, 0.4952579736709595, 0.48818662762641907, 0.5120189785957336, 0.49294623732566833, 0.498494029045105, 0.49311625957489014, 0.5009068250656128, 0.5013042092323303, 0.48955342173576355, 0.49246758222579956]",
    "val_acc": "[0.9689000248908997, 0.9704999923706055, 0.9789000153541565, 0.9690999984741211, 0.9751999974250793, 0.9767000079154968, 0.979200005531311, 0.9735999703407288, 0.9815000295639038, 0.9742000102996826, 0.9786999821662903, 0.9789999723434448, 0.9745000004768372, 0.9782999753952026, 0.9704999923706055, 0.9749000072479248, 0.9745000004768372, 0.9745000004768372, 0.9721999764442444, 0.9713000059127808, 0.9751999974250793, 0.9768999814987183]",
    "args": {
        "model": "LeNet",
        "dataset": "mnist",
        "strategy": "{\"optimizer\": \"fetchsgd\", \"compression\": \"none\", \"learning_rate\": 0.01, \"c\": 5000, \"r\": 1,\n                \"topk\": 5000, \"momentum\": 0.9}",
        "epochs": 45,
        "n_calls": null,
        "stop_patience": 10,
        "lr_decay": 3,
        "k_fold": 1,
        "lambda_l2": 0.0015,
        "fullset": 100.0,
        "log": 1,
        "gpu": null,
        "train_on_baseline": 1,
        "bayesian_search": false
    },
    "compression_rates": [
        1.5807428571428572
    ],
    "time_per_epoch": [
        44.8338098526001,
        44.434571981430054,
        44.28424382209778,
        44.05428409576416,
        44.30935215950012,
        44.4694139957428,
        44.53579020500183,
        45.07522106170654,
        44.69014811515808,
        44.73113799095154,
        43.49969506263733,
        40.548693895339966,
        40.52853083610535,
        40.79751706123352,
        41.14784288406372,
        41.238317012786865,
        41.20550513267517,
        41.42310094833374,
        41.45286202430725,
        41.23661684989929,
        41.003066301345825,
        41.20593595504761
    ],
    "time_per_step": 0.021980540922916295
}