{
    "training_loss": "[4.932680130004883, 4.474620342254639, 4.258726596832275, 4.093763828277588, 3.9501800537109375, 3.834165573120117, 3.611994743347168, 3.5402438640594482, 3.5098700523376465, 3.4896128177642822, 3.4739434719085693, 3.4607937335968018, 3.4503588676452637, 3.4405362606048584, 3.4337635040283203, 3.4322924613952637, 3.4316604137420654]",
    "training_acc": "[0.5220000147819519, 0.6729599833488464, 0.7393800020217896, 0.7898600101470947, 0.8333600163459778, 0.8676000237464905, 0.9554799795150757, 0.9824000000953674, 0.9902600049972534, 0.9951199889183044, 0.9970200061798096, 0.9981799721717834, 0.9986799955368042, 0.999180018901825, 0.9996600151062012, 0.9998000264167786, 0.9996200203895569]",
    "val_loss": "[5.825866222381592, 4.808231353759766, 4.562098979949951, 4.583956718444824, 4.885841369628906, 4.916378974914551, 4.279277801513672, 4.283123016357422, 4.2961320877075195, 4.2985992431640625, 4.305243015289307, 4.307416915893555, 4.315492630004883, 4.315925121307373, 4.317512512207031, 4.317610740661621, 4.31784200668335]",
    "val_acc": "[0.28119999170303345, 0.5633000135421753, 0.6355999708175659, 0.6399999856948853, 0.5902000069618225, 0.5809999704360962, 0.7408999800682068, 0.7447999715805054, 0.7416999936103821, 0.7458999752998352, 0.7440999746322632, 0.7457000017166138, 0.7437000274658203, 0.7455000281333923, 0.7448999881744385, 0.7445999979972839, 0.7439000010490417]",
    "args": {
        "model": "VGG11",
        "dataset": "cifar10",
        "strategy": "{\"optimizer\": \"sgd\", \"compression\": \"gradientsparsification\", \"learning_rate\": 0.01, \"k\": 0.1, \"max_iter\": 2}",
        "epochs": 50,
        "n_calls": null,
        "stop_patience": 10,
        "lr_decay": 3,
        "k_fold": 1,
        "lambda_l2": 0.0015,
        "fullset": 100.0,
        "log": 1,
        "gpu": 1,
        "train_on_baseline": 1,
        "bayesian_search": false
    },
    "compression_rates": [
        5.76461158099043
    ],
    "time_per_epoch": [
        168.2674708366394,
        171.8809850215912,
        171.2369658946991,
        173.84283185005188,
        168.67629218101501,
        157.25592398643494,
        151.07525205612183,
        157.26053094863892,
        158.2390100955963,
        159.68627309799194,
        158.19498300552368,
        160.6900680065155,
        159.22997403144836,
        160.5730438232422,
        159.18768000602722,
        158.58814692497253,
        156.97350692749023
    ],
    "time_per_step": 0.40311587249603203
}