{
    "training_loss": "[4.94879150390625, 4.503331184387207, 4.280365943908691, 4.105066299438477, 3.9641318321228027, 3.8558707237243652, 3.7540855407714844, 3.569143056869507, 3.5045933723449707, 3.479372501373291, 3.4620800018310547, 3.448695659637451, 3.437983512878418, 3.428762912750244, 3.420001983642578, 3.4146790504455566, 3.4138858318328857, 3.413015365600586]",
    "training_acc": "[0.5180799961090088, 0.6618599891662598, 0.7312600016593933, 0.7839800119400024, 0.8283200263977051, 0.8600199818611145, 0.8920400142669678, 0.9649400115013123, 0.9887800216674805, 0.9943199753761292, 0.9972599744796753, 0.9986600279808044, 0.9991599917411804, 0.9995800256729126, 0.9998400211334229, 0.9998199939727783, 0.9998199939727783, 0.9998999834060669]",
    "val_loss": "[6.240882396697998, 4.954159736633301, 4.673433780670166, 4.584217548370361, 4.927038669586182, 5.359686374664307, 4.867812156677246, 4.2712883949279785, 4.290038108825684, 4.28515100479126, 4.294729709625244, 4.295203685760498, 4.2995829582214355, 4.299497127532959, 4.302415370941162, 4.304018020629883, 4.304553508758545, 4.304725646972656]",
    "val_acc": "[0.2184000015258789, 0.5422000288963318, 0.6085000038146973, 0.6256999969482422, 0.5723000168800354, 0.5367000102996826, 0.6108999848365784, 0.7487999796867371, 0.7476000189781189, 0.753600001335144, 0.7527999877929688, 0.7529000043869019, 0.7526999711990356, 0.7505999803543091, 0.7519999742507935, 0.7522000074386597, 0.7519999742507935, 0.7519999742507935]",
    "args": {
        "model": "VGG11",
        "dataset": "cifar10",
        "strategy": "{\"optimizer\": \"sgd\", \"compression\": \"gradientsparsification\", \"learning_rate\": 0.01, \"k\": 0.1, \"max_iter\": 2}",
        "epochs": 50,
        "n_calls": null,
        "stop_patience": 10,
        "lr_decay": 3,
        "k_fold": 1,
        "lambda_l2": 0.0015,
        "fullset": 100.0,
        "log": 1,
        "gpu": 1,
        "train_on_baseline": 1,
        "bayesian_search": false
    },
    "compression_rates": [
        5.809480885044223
    ],
    "time_per_epoch": [
        212.9294352531433,
        207.66848826408386,
        212.6280598640442,
        206.6155881881714,
        208.8585250377655,
        209.26032090187073,
        209.51561403274536,
        209.37412810325623,
        203.14522099494934,
        205.36970686912537,
        205.2586407661438,
        205.37817692756653,
        207.70272374153137,
        208.46291422843933,
        210.23233819007874,
        211.4325590133667,
        208.53069019317627,
        209.4680051803589
    ],
    "time_per_step": 0.5200829086198018
}