{
    "training_loss": "[9.801261901855469, 13.74759578704834, 16.176570892333984, 18.148576736450195, 18.906879425048828, 18.828468322753906, 18.76549530029297, 18.711294174194336, 18.65901756286621, 18.607519149780273, 18.56287956237793]",
    "training_acc": "[0.44190001487731934, 0.5428000092506409, 0.5914000272750854, 0.619920015335083, 0.6787599921226501, 0.6995000243186951, 0.7133200168609619, 0.7240800261497498, 0.7337200045585632, 0.744159996509552, 0.7519800066947937]",
    "val_loss": "[13.042627334594727, 15.405912399291992, 17.511653900146484, 19.773496627807617, 18.974346160888672, 18.929779052734375, 18.89204978942871, 18.864530563354492, 18.81792449951172, 18.77802276611328, 18.754018783569336]",
    "val_acc": "[0.2531000077724457, 0.483599990606308, 0.5236999988555908, 0.44609999656677246, 0.6430000066757202, 0.6500999927520752, 0.6546000242233276, 0.6574000120162964, 0.6665999889373779, 0.6747000217437744, 0.6722000241279602]",
    "args": {
        "model": "VGG11",
        "dataset": "cifar10",
        "strategy": "{\"optimizer\": \"sgd\", \"compression\": \"vqsgd\", \"learning_rate\": 0.01, \"repetition\": 1500}",
        "epochs": 50,
        "n_calls": null,
        "stop_patience": 10,
        "lr_decay": 3,
        "k_fold": 1,
        "lambda_l2": 0.0015,
        "fullset": 100.0,
        "log": 1,
        "gpu": 1,
        "train_on_baseline": 1,
        "bayesian_search": false
    },
    "compression_rates": [
        267.0776997224879
    ],
    "time_per_epoch": [
        241.49373292922974,
        241.53646183013916,
        240.5231227874756,
        242.38985800743103,
        242.28663611412048,
        242.58864188194275,
        242.1879379749298,
        244.19249892234802,
        244.40469312667847,
        243.80398106575012,
        241.3175117969513
    ],
    "time_per_step": 0.6081945205449891
}