{
    "training_loss": "[5.247468948364258, 5.063270568847656, 5.001043319702148, 4.978113651275635, 4.963815689086914, 4.960970401763916, 4.952418804168701, 4.718455791473389, 4.600020885467529, 4.5243635177612305, 4.46642541885376, 4.417677879333496, 4.37422513961792, 4.338639259338379, 4.301406383514404, 4.235384464263916, 4.2230706214904785, 4.2163286209106445, 4.210705757141113, 4.205206871032715, 4.201707363128662]",
    "training_acc": "[0.48669999837875366, 0.5856999754905701, 0.6222599744796753, 0.6405400037765503, 0.6549000144004822, 0.6659600138664246, 0.6775199770927429, 0.7643799781799316, 0.7998999953269958, 0.8191400170326233, 0.8366000056266785, 0.8503999710083008, 0.8650199770927429, 0.874239981174469, 0.8869799971580505, 0.9196599721908569, 0.9240999817848206, 0.926800012588501, 0.9284600019454956, 0.9313200116157532, 0.931119978427887]",
    "val_loss": "[6.100433349609375, 5.783450603485107, 5.6396989822387695, 5.302158355712891, 5.850491046905518, 5.440303325653076, 5.995755672454834, 4.9271979331970215, 4.921277046203613, 4.902132987976074, 4.899351119995117, 4.908127784729004, 4.92418098449707, 4.931934833526611, 4.954469203948975, 4.936465263366699, 4.938935279846191, 4.945927143096924, 4.9471211433410645, 4.950969696044922, 4.954549312591553]",
    "val_acc": "[0.2671999931335449, 0.41929998993873596, 0.448199987411499, 0.5439000129699707, 0.4595000147819519, 0.5396999716758728, 0.40299999713897705, 0.6870999932289124, 0.6783999800682068, 0.6814000010490417, 0.683899998664856, 0.6805999875068665, 0.6711000204086304, 0.6722000241279602, 0.6732000112533569, 0.6766999959945679, 0.6748999953269958, 0.6748999953269958, 0.6736999750137329, 0.6747999787330627, 0.6736000180244446]",
    "args": {
        "model": "VGG11",
        "dataset": "cifar10",
        "strategy": "{\"optimizer\": \"sgd\", \"compression\": \"gradientsparsification\", \"learning_rate\": 0.01, \"k\": 0.01, \"max_iter\": 2}",
        "epochs": 50,
        "n_calls": null,
        "stop_patience": 10,
        "lr_decay": 3,
        "k_fold": 1,
        "lambda_l2": 0.0015,
        "fullset": 100.0,
        "log": 1,
        "gpu": 1,
        "train_on_baseline": 1,
        "bayesian_search": false
    },
    "compression_rates": [
        116.51134851884521
    ],
    "time_per_epoch": [
        152.75341486930847,
        153.55970883369446,
        154.77884697914124,
        152.63489603996277,
        153.08372688293457,
        154.39789509773254,
        157.16804003715515,
        154.19447207450867,
        153.44298195838928,
        153.67229986190796,
        151.22071886062622,
        147.26777601242065,
        147.50437569618225,
        146.25317192077637,
        147.24821496009827,
        147.1555631160736,
        145.86241722106934,
        140.65386700630188,
        143.82616591453552,
        146.21309304237366,
        145.78501987457275
    ],
    "time_per_step": 0.373256858468651
}