{
    "training_loss": "[5.74003791809082, 6.154799938201904, 6.542638301849365, 6.923769474029541, 7.289370536804199, 7.31901741027832, 7.246196746826172, 7.193031311035156, 7.150388717651367, 7.108296871185303, 7.070888519287109, 7.0333251953125]",
    "training_acc": "[0.5114399790763855, 0.6418799757957458, 0.6964600086212158, 0.7322199940681458, 0.7588599920272827, 0.8306999802589417, 0.8549200296401978, 0.8704800009727478, 0.8834800124168396, 0.8951799869537354, 0.9065799713134766, 0.9154199957847595]",
    "val_loss": "[7.666569709777832, 6.678364276885986, 7.414252281188965, 7.493044376373291, 7.951765060424805, 7.5710978507995605, 7.543464183807373, 7.523321151733398, 7.514444351196289, 7.496073246002197, 7.519941329956055, 7.501061916351318]",
    "val_acc": "[0.18170000612735748, 0.550599992275238, 0.5060999989509583, 0.6269999742507935, 0.6129999756813049, 0.7366999983787537, 0.7455999851226807, 0.7493000030517578, 0.7493000030517578, 0.7526999711990356, 0.741599977016449, 0.7452999949455261]",
    "args": {
        "model": "VGG11",
        "dataset": "cifar10",
        "strategy": "{\"optimizer\": \"sgd\", \"compression\": \"vqsgd\", \"learning_rate\": 0.01, \"repetition\": 10000}",
        "epochs": 50,
        "n_calls": null,
        "stop_patience": 10,
        "lr_decay": 3,
        "k_fold": 1,
        "lambda_l2": 0.0015,
        "fullset": 100.0,
        "log": 1,
        "gpu": 1,
        "train_on_baseline": 1,
        "bayesian_search": false
    },
    "compression_rates": [
        40.69734647057088
    ],
    "time_per_epoch": [
        244.54211688041687,
        244.4112470149994,
        245.03706407546997,
        245.34688878059387,
        245.54467511177063,
        245.34228777885437,
        245.59469389915466,
        246.2110459804535,
        237.97519183158875,
        229.95206499099731,
        231.94178009033203,
        236.307049036026
    ],
    "time_per_step": 0.6073720929771027
}