{
    "training_loss": "[5.265160083770752, 5.077273368835449, 5.01584529876709, 5.001621246337891, 4.995711326599121, 5.002030372619629, 5.017217636108398, 4.758785247802734, 4.637592315673828, 4.55592155456543, 4.492956638336182, 4.442497730255127, 4.393561363220215, 4.351221084594727, 4.314953804016113, 4.239645004272461, 4.227377891540527, 4.220016956329346, 4.213140964508057]",
    "training_acc": "[0.48636001348495483, 0.5840200185775757, 0.619979977607727, 0.6419399976730347, 0.6549800038337708, 0.6624400019645691, 0.667639970779419, 0.763260006904602, 0.7980200052261353, 0.8188599944114685, 0.8335199952125549, 0.8489000201225281, 0.8630599975585938, 0.8762800097465515, 0.8891400098800659, 0.9232199788093567, 0.9276599884033203, 0.930840015411377, 0.9336400032043457]",
    "val_loss": "[5.937392234802246, 5.610318660736084, 6.009068012237549, 5.308059215545654, 6.083216190338135, 5.679040431976318, 5.746142387390137, 4.963190078735352, 4.936196804046631, 4.938637733459473, 4.952409744262695, 4.958643913269043, 4.96283483505249, 4.988681793212891, 5.003013610839844, 4.985012054443359, 4.990870475769043, 4.995869159698486, 5.000119686126709]",
    "val_acc": "[0.3127000033855438, 0.42570000886917114, 0.38600000739097595, 0.5367000102996826, 0.37439998984336853, 0.5020999908447266, 0.46889999508857727, 0.6823999881744385, 0.6881999969482422, 0.6815000176429749, 0.6759999990463257, 0.6758999824523926, 0.676800012588501, 0.671500027179718, 0.6736000180244446, 0.6808000206947327, 0.6794999837875366, 0.6769999861717224, 0.6773999929428101]",
    "args": {
        "model": "VGG11",
        "dataset": "cifar10",
        "strategy": "{\"optimizer\": \"sgd\", \"compression\": \"gradientsparsification\", \"learning_rate\": 0.01, \"k\": 0.01, \"max_iter\": 2}",
        "epochs": 50,
        "n_calls": null,
        "stop_patience": 10,
        "lr_decay": 3,
        "k_fold": 1,
        "lambda_l2": 0.0015,
        "fullset": 100.0,
        "log": 1,
        "gpu": 1,
        "train_on_baseline": 1,
        "bayesian_search": false
    },
    "compression_rates": [
        57.14927636373283
    ],
    "time_per_epoch": [
        202.73627376556396,
        203.62040972709656,
        206.3997609615326,
        199.85180687904358,
        182.90730500221252,
        185.94945621490479,
        184.33319425582886,
        183.09870100021362,
        184.11133122444153,
        181.83718609809875,
        179.2250361442566,
        176.37110018730164,
        176.46343517303467,
        172.47598791122437,
        178.47371292114258,
        174.76402926445007,
        173.9831292629242,
        173.67525506019592,
        168.88083291053772
    ],
    "time_per_step": 0.45757700591729844
}