{
    "training_loss": "[9.737672805786133, 13.764551162719727, 16.20548439025879, 18.059223175048828, 18.78049087524414, 18.708070755004883, 18.651418685913086, 18.598783493041992, 18.546175003051758, 18.49789810180664, 18.450891494750977]",
    "training_acc": "[0.44137999415397644, 0.5475199818611145, 0.5922200083732605, 0.6256999969482422, 0.6843199729919434, 0.7018200159072876, 0.7139599919319153, 0.7262799739837646, 0.7363600134849548, 0.745419979095459, 0.7528799772262573]",
    "val_loss": "[13.613251686096191, 15.874926567077637, 17.974315643310547, 19.317256927490234, 18.856246948242188, 18.833967208862305, 18.778404235839844, 18.760236740112305, 18.707979202270508, 18.678098678588867, 18.646808624267578]",
    "val_acc": "[0.21539999544620514, 0.37630000710487366, 0.4016000032424927, 0.510200023651123, 0.6557999849319458, 0.6545000076293945, 0.6669999957084656, 0.6622999906539917, 0.6728000044822693, 0.676800012588501, 0.6758999824523926]",
    "args": {
        "model": "VGG11",
        "dataset": "cifar10",
        "strategy": "{\"optimizer\": \"sgd\", \"compression\": \"vqsgd\", \"learning_rate\": 0.01, \"repetition\": 1500}",
        "epochs": 50,
        "n_calls": null,
        "stop_patience": 10,
        "lr_decay": 3,
        "k_fold": 1,
        "lambda_l2": 0.0015,
        "fullset": 100.0,
        "log": 1,
        "gpu": 1,
        "train_on_baseline": 1,
        "bayesian_search": false
    },
    "compression_rates": [
        267.0776997224879
    ],
    "time_per_epoch": [
        248.58639216423035,
        265.60466504096985,
        270.40788316726685,
        267.9996199607849,
        273.1911721229553,
        274.2148988246918,
        270.6464293003082,
        266.9212498664856,
        267.58226585388184,
        265.0871651172638,
        265.99065589904785
    ],
    "time_per_step": 0.669219758338192
}