{
    "training_loss": "[9.657556533813477, 13.56331729888916, 16.063474655151367, 18.024070739746094, 18.75346565246582, 18.674131393432617, 18.616308212280273, 18.559783935546875, 18.508630752563477, 18.45909881591797, 18.41234016418457]",
    "training_acc": "[0.4496999979019165, 0.5498200058937073, 0.598800003528595, 0.6293799877166748, 0.6862599849700928, 0.7077999711036682, 0.7185800075531006, 0.7303199768066406, 0.7421600222587585, 0.7516999840736389, 0.7608799934387207]",
    "val_loss": "[14.07398796081543, 17.261018753051758, 17.631113052368164, 20.270490646362305, 18.864673614501953, 18.789785385131836, 18.760129928588867, 18.714767456054688, 18.6946964263916, 18.653928756713867, 18.617002487182617]",
    "val_acc": "[0.19290000200271606, 0.27230000495910645, 0.47850000858306885, 0.3443000018596649, 0.6407999992370605, 0.6564000248908997, 0.6552000045776367, 0.6656000018119812, 0.6671000123023987, 0.6732000112533569, 0.6758999824523926]",
    "args": {
        "model": "VGG11",
        "dataset": "cifar10",
        "strategy": "{\"optimizer\": \"sgd\", \"compression\": \"vqsgd\", \"learning_rate\": 0.01, \"repetition\": 1500}",
        "epochs": 50,
        "n_calls": null,
        "stop_patience": 10,
        "lr_decay": 3,
        "k_fold": 1,
        "lambda_l2": 0.0015,
        "fullset": 100.0,
        "log": 1,
        "gpu": 1,
        "train_on_baseline": 1,
        "bayesian_search": false
    },
    "compression_rates": [
        267.0776997224879
    ],
    "time_per_epoch": [
        216.61302709579468,
        259.61546325683594,
        243.29318284988403,
        242.51245784759521,
        243.39605689048767,
        243.2238097190857,
        244.11653590202332,
        243.11340498924255,
        243.33628273010254,
        240.11670517921448,
        237.56589198112488
    ],
    "time_per_step": 0.6061405881674615
}