{
    "training_loss": "[5.261185646057129, 5.09009313583374, 5.033897876739502, 5.010130405426025, 5.002169609069824, 4.991983890533447, 4.994616508483887, 4.740414142608643, 4.622767925262451, 4.545590400695801, 4.484650135040283, 4.430849552154541, 4.3864216804504395, 4.346161365509033, 4.307483673095703, 4.231608867645264, 4.217023849487305, 4.209799766540527, 4.204985618591309, 4.197329998016357, 4.191290855407715]",
    "training_acc": "[0.4824199974536896, 0.5794000029563904, 0.6172800064086914, 0.6348599791526794, 0.6452400088310242, 0.6578199863433838, 0.6618800163269043, 0.7565600275993347, 0.7919999957084656, 0.8127599954605103, 0.8301600217819214, 0.8447800278663635, 0.8565999865531921, 0.869379997253418, 0.8820800185203552, 0.9179199934005737, 0.9252399802207947, 0.9271799921989441, 0.9280999898910522, 0.9312599897384644, 0.9330199956893921]",
    "val_loss": "[6.307465076446533, 5.637025833129883, 6.080831527709961, 5.220448970794678, 5.824037075042725, 5.646308422088623, 6.672598361968994, 4.933858871459961, 4.929522514343262, 4.924977779388428, 4.913668632507324, 4.936122894287109, 4.9820966720581055, 4.99180269241333, 5.026275157928467, 4.98729944229126, 4.991998672485352, 4.9993181228637695, 5.005743503570557, 5.011622905731201, 5.015807151794434]",
    "val_acc": "[0.27320000529289246, 0.43470001220703125, 0.3837999999523163, 0.5730000138282776, 0.4345000088214874, 0.4745999872684479, 0.34450000524520874, 0.6819999814033508, 0.6771000027656555, 0.6769999861717224, 0.6820999979972839, 0.6765999794006348, 0.6628999710083008, 0.6639999747276306, 0.6654999852180481, 0.6735000014305115, 0.6735000014305115, 0.6714000105857849, 0.6722999811172485, 0.6700000166893005, 0.6694999933242798]",
    "args": {
        "model": "VGG11",
        "dataset": "cifar10",
        "strategy": "{\"optimizer\": \"sgd\", \"compression\": \"gradientsparsification\", \"learning_rate\": 0.01, \"k\": 0.01, \"max_iter\": 2}",
        "epochs": 50,
        "n_calls": null,
        "stop_patience": 10,
        "lr_decay": 3,
        "k_fold": 1,
        "lambda_l2": 0.0015,
        "fullset": 100.0,
        "log": 1,
        "gpu": 1,
        "train_on_baseline": 1,
        "bayesian_search": false
    },
    "compression_rates": [
        54.626832006940994
    ],
    "time_per_epoch": [
        151.08418917655945,
        148.68917894363403,
        148.40665817260742,
        147.36476683616638,
        147.36755084991455,
        145.70692110061646,
        146.44745016098022,
        147.92488074302673,
        147.27334594726562,
        146.72803282737732,
        147.98763489723206,
        147.0179250240326,
        147.38192105293274,
        146.20306825637817,
        146.275958776474,
        146.46900010108948,
        142.8156018257141,
        139.09998989105225,
        146.35619711875916,
        148.52895212173462,
        145.9432921409607
    ],
    "time_per_step": 0.3653058626520809
}