{
    "training_loss": "[4.9384002685546875, 4.489961624145508, 4.258657455444336, 4.088720321655273, 3.9468116760253906, 3.8248865604400635, 3.734328031539917, 3.554741859436035, 3.4925827980041504, 3.467984914779663, 3.452165365219116, 3.4393513202667236, 3.429257392883301, 3.419745683670044, 3.4115986824035645, 3.4061484336853027, 3.4053478240966797, 3.4044928550720215]",
    "training_acc": "[0.5163800120353699, 0.6665999889373779, 0.7387999892234802, 0.7883599996566772, 0.8325799703598022, 0.8688399791717529, 0.8984400033950806, 0.9673200249671936, 0.9898999929428101, 0.9954800009727478, 0.9976000189781189, 0.9986799955368042, 0.9991999864578247, 0.9995599985122681, 0.999779999256134, 0.9998199939727783, 0.9998400211334229, 0.9998000264167786]",
    "val_loss": "[5.876368522644043, 4.770968914031982, 4.69044828414917, 4.604994297027588, 5.753483772277832, 4.919748783111572, 5.043488502502441, 4.248106479644775, 4.25197172164917, 4.256043910980225, 4.261974811553955, 4.262722492218018, 4.264358043670654, 4.266176223754883, 4.267214775085449, 4.2686381340026855, 4.269018650054932, 4.268813133239746]",
    "val_acc": "[0.2554999887943268, 0.5756000280380249, 0.6049000024795532, 0.6352999806404114, 0.4368000030517578, 0.5931000113487244, 0.5843999981880188, 0.7501999735832214, 0.7533000111579895, 0.7545999884605408, 0.753000020980835, 0.7541999816894531, 0.7554000020027161, 0.7547000050544739, 0.7559000253677368, 0.756600022315979, 0.7551000118255615, 0.7562000155448914]",
    "args": {
        "model": "VGG11",
        "dataset": "cifar10",
        "strategy": "{\"optimizer\": \"sgd\", \"compression\": \"gradientsparsification\", \"learning_rate\": 0.01, \"k\": 0.1, \"max_iter\": 2}",
        "epochs": 50,
        "n_calls": null,
        "stop_patience": 10,
        "lr_decay": 3,
        "k_fold": 1,
        "lambda_l2": 0.0015,
        "fullset": 100.0,
        "log": 1,
        "gpu": 1,
        "train_on_baseline": 1,
        "bayesian_search": false
    },
    "compression_rates": [
        5.7358577037968175
    ],
    "time_per_epoch": [
        153.5353660583496,
        151.93733406066895,
        150.42357301712036,
        151.29426288604736,
        151.732754945755,
        152.18921184539795,
        152.08828592300415,
        150.32576894760132,
        150.77231407165527,
        151.57620096206665,
        151.07508301734924,
        150.91114807128906,
        151.56157231330872,
        151.50858807563782,
        150.48885703086853,
        151.27978420257568,
        149.654883146286,
        150.75850796699524
    ],
    "time_per_step": 0.37700367698821197
}