{
    "training_loss": "[5.752106666564941, 6.203012943267822, 6.607964515686035, 6.995552062988281, 7.3549418449401855, 7.378727436065674, 7.30413293838501, 7.253161907196045, 7.2080535888671875, 7.166397571563721, 7.126625061035156, 7.0896830558776855]",
    "training_acc": "[0.4997999966144562, 0.6249600052833557, 0.6817600131034851, 0.7190799713134766, 0.7452999949455261, 0.8206400275230408, 0.8467000126838684, 0.8626400232315063, 0.8760600090026855, 0.8885400295257568, 0.8990200161933899, 0.909820020198822]",
    "val_loss": "[7.276880264282227, 6.980410099029541, 7.307604789733887, 7.874118804931641, 8.425923347473145, 7.622842311859131, 7.5993452072143555, 7.582081317901611, 7.569219589233398, 7.58405876159668, 7.549736499786377, 7.5408172607421875]",
    "val_acc": "[0.23559999465942383, 0.48980000615119934, 0.5465999841690063, 0.5157999992370605, 0.5303000211715698, 0.7314000129699707, 0.7368999719619751, 0.7378000020980835, 0.7379000186920166, 0.7387999892234802, 0.7443000078201294, 0.7421000003814697]",
    "args": {
        "model": "VGG11",
        "dataset": "cifar10",
        "strategy": "{\"optimizer\": \"sgd\", \"compression\": \"vqsgd\", \"learning_rate\": 0.01, \"repetition\": 10000}",
        "epochs": 50,
        "n_calls": null,
        "stop_patience": 10,
        "lr_decay": 3,
        "k_fold": 1,
        "lambda_l2": 0.0015,
        "fullset": 100.0,
        "log": 1,
        "gpu": 1,
        "train_on_baseline": 1,
        "bayesian_search": false
    },
    "compression_rates": [
        40.69734647057088
    ],
    "time_per_epoch": [
        243.42885971069336,
        245.09103918075562,
        244.3734531402588,
        245.00521087646484,
        245.37165904045105,
        244.39251804351807,
        245.762864112854,
        243.89233994483948,
        246.62159991264343,
        245.99954509735107,
        243.84562921524048,
        244.69840693473816
    ],
    "time_per_step": 0.6159269852914672
}