{
    "training_loss": "[2.4188923835754395, 2.202098846435547, 2.1598713397979736, 2.1399989128112793, 2.124807119369507, 2.1134467124938965, 2.1116137504577637, 2.106412172317505, 2.1070168018341064, 2.101832151412964, 2.097562789916992, 2.1012816429138184, 2.0931999683380127, 2.0917270183563232, 2.0931801795959473, 2.091651201248169, 2.0905892848968506, 2.0896718502044678, 2.0856053829193115]",
    "training_acc": "[0.8997666835784912, 0.9384166598320007, 0.9437500238418579, 0.945983350276947, 0.9471833109855652, 0.9481333494186401, 0.9477166533470154, 0.9489833116531372, 0.9487166404724121, 0.9485499858856201, 0.9494333267211914, 0.9490666389465332, 0.951033353805542, 0.9512166380882263, 0.9501000046730042, 0.9510499835014343, 0.9508666396141052, 0.9505666494369507, 0.9509000182151794]",
    "val_loss": "[2.18286395072937, 2.12455153465271, 2.152409315109253, 2.087827682495117, 2.1049814224243164, 2.1245877742767334, 2.0808844566345215, 2.2133517265319824, 2.0517053604125977, 2.091853141784668, 2.0864439010620117, 2.090376138687134, 2.0931055545806885, 2.0618724822998047, 2.074622392654419, 2.076693296432495, 2.0586588382720947, 2.0940299034118652, 2.0537493228912354]",
    "val_acc": "[0.95169997215271, 0.9599000215530396, 0.944100022315979, 0.9641000032424927, 0.954800009727478, 0.9348000288009644, 0.9559999704360962, 0.909600019454956, 0.9679999947547913, 0.9526000022888184, 0.9514999985694885, 0.9517999887466431, 0.948199987411499, 0.9598000049591064, 0.9575999975204468, 0.9538999795913696, 0.960099995136261, 0.947700023651123, 0.9589999914169312]",
    "args": {
        "model": "LeNet",
        "dataset": "mnist",
        "strategy": "{\"optimizer\": \"fetchsgd\", \"compression\": \"none\", \"learning_rate\": 0.01, \"c\": 5000, \"r\": 1,\n                \"topk\": 5000, \"momentum\": 0.9}",
        "epochs": 45,
        "n_calls": null,
        "stop_patience": 10,
        "lr_decay": 3,
        "k_fold": 1,
        "lambda_l2": 0.008,
        "fullset": 100.0,
        "log": 1,
        "gpu": null,
        "train_on_baseline": 2,
        "bayesian_search": false
    },
    "compression_rates": [
        1.5792691729323307
    ],
    "time_per_epoch": [
        58.84109091758728,
        58.40814423561096,
        58.80679202079773,
        58.62762093544006,
        59.00191307067871,
        58.82598304748535,
        58.60617804527283,
        58.94724202156067,
        58.63867974281311,
        58.86106991767883,
        58.984508752822876,
        59.14875316619873,
        59.1663122177124,
        58.75039792060852,
        58.84547996520996,
        59.455646991729736,
        59.29888105392456,
        59.248117208480835,
        59.38893795013428
    ],
    "time_per_step": 0.03031514424106531
}