{
    "training_loss": "[18.502906799316406, 18.03767204284668, 17.78402328491211, 17.623844146728516, 17.502769470214844, 17.439416885375977, 17.378141403198242, 17.338743209838867, 17.314729690551758, 17.312368392944336, 17.31376075744629, 17.278953552246094, 17.26388168334961, 17.26661491394043, 17.27053451538086, 17.267288208007812, 17.263980865478516, 17.235881805419922]",
    "training_acc": "[0.43428000807762146, 0.5541399717330933, 0.6168000102043152, 0.6536800265312195, 0.6809599995613098, 0.6959400177001953, 0.7104200124740601, 0.7222599983215332, 0.7301200032234192, 0.7335600256919861, 0.737060010433197, 0.747979998588562, 0.7517600059509277, 0.7521799802780151, 0.7541000247001648, 0.7597799897193909, 0.762440025806427, 0.7685800194740295]",
    "val_loss": "[18.732006072998047, 19.317659378051758, 18.815357208251953, 18.58901596069336, 17.99440574645996, 19.611772537231445, 18.5178165435791, 17.78265380859375, 18.550519943237305, 18.494110107421875, 17.986045837402344, 18.073137283325195, 18.24570083618164, 18.460750579833984, 17.992578506469727, 18.062118530273438, 18.034282684326172, 18.168060302734375]",
    "val_acc": "[0.32170000672340393, 0.2892000079154968, 0.36230000853538513, 0.4246000051498413, 0.5174000263214111, 0.2831999957561493, 0.4375999867916107, 0.5809999704360962, 0.44020000100135803, 0.43860000371932983, 0.5584999918937683, 0.5192000269889832, 0.48919999599456787, 0.4796999990940094, 0.5586000084877014, 0.5256999731063843, 0.545199990272522, 0.5238999724388123]",
    "args": {
        "model": "VGG11",
        "dataset": "cifar10",
        "strategy": "{\"optimizer\": \"fetchsgd\", \"compression\": \"none\", \"learning_rate\": 0.01, \"c\": 100000, \"r\": 1,\n                      \"topk\": 3333, \"momentum\": 0.9}",
        "epochs": 50,
        "n_calls": null,
        "stop_patience": 10,
        "lr_decay": 3,
        "k_fold": 1,
        "lambda_l2": 0.007,
        "fullset": 100.0,
        "log": 1,
        "gpu": 1,
        "train_on_baseline": 1,
        "bayesian_search": false
    },
    "compression_rates": [
        3.1133252456588734
    ],
    "time_per_epoch": [
        204.03191781044006,
        202.59133100509644,
        202.41843914985657,
        205.06944465637207,
        205.05140829086304,
        207.13321614265442,
        205.83591604232788,
        209.34774684906006,
        206.01818919181824,
        206.71042704582214,
        206.3018958568573,
        212.8218538761139,
        215.13658118247986,
        225.31496691703796,
        271.1937551498413,
        280.6389379501343,
        271.39496397972107,
        272.5313239097595
    ],
    "time_per_step": 0.5567776295704474
}