{
    "training_loss": "[16.00092124938965, 13.879087448120117, 13.402234077453613, 13.206207275390625, 13.118337631225586, 13.038844108581543, 13.02847957611084, 12.984689712524414, 12.985806465148926, 12.950345039367676, 12.950116157531738, 12.939196586608887, 12.931004524230957, 12.902318954467773, 12.896421432495117, 12.883674621582031, 12.88029956817627, 12.874621391296387, 12.865527153015137, 12.869736671447754, 12.856406211853027]",
    "training_acc": "[0.5018399953842163, 0.6477199792861938, 0.6848199963569641, 0.7045999765396118, 0.7174599766731262, 0.7307199835777283, 0.7321400046348572, 0.7407000064849854, 0.7389600276947021, 0.7483000159263611, 0.748420000076294, 0.7480000257492065, 0.750540018081665, 0.7550600171089172, 0.755840003490448, 0.7608199715614319, 0.7594199776649475, 0.76146000623703, 0.7630199790000916, 0.7623199820518494, 0.7637199759483337]",
    "val_loss": "[16.415403366088867, 14.006601333618164, 13.884089469909668, 14.491134643554688, 13.953269004821777, 14.760196685791016, 14.032848358154297, 13.762271881103516, 14.209821701049805, 13.459583282470703, 13.147588729858398, 13.6539888381958, 19.679868698120117, 13.784419059753418, 14.080900192260742, 14.68156909942627, 13.708948135375977, 13.645625114440918, 14.880705833435059, 13.779189109802246, 14.14792537689209]",
    "val_acc": "[0.18230000138282776, 0.5285999774932861, 0.5022000074386597, 0.45410001277923584, 0.4138000011444092, 0.3003000020980835, 0.4077000021934509, 0.42579999566078186, 0.3666999936103821, 0.5802000164985657, 0.6744999885559082, 0.5235000252723694, 0.1459999978542328, 0.5314000248908997, 0.40549999475479126, 0.25769999623298645, 0.5127000212669373, 0.5223000049591064, 0.28220000863075256, 0.43459999561309814, 0.37950000166893005]",
    "args": {
        "model": "VGG11",
        "dataset": "cifar10",
        "strategy": "{\"optimizer\": \"fetchsgd\", \"compression\": \"none\", \"learning_rate\": 0.01, \"c\": 500000, \"r\": 1,\n                      \"topk\": 500000, \"momentum\": 0.9}",
        "epochs": 50,
        "n_calls": null,
        "stop_patience": 10,
        "lr_decay": 3,
        "k_fold": 1,
        "lambda_l2": 0.007,
        "fullset": 100.0,
        "log": 1,
        "gpu": 1,
        "train_on_baseline": 1,
        "bayesian_search": false
    },
    "compression_rates": [
        0.9558197970949354
    ],
    "time_per_epoch": [
        310.15859603881836,
        312.29847478866577,
        311.6374180316925,
        312.4293968677521,
        321.45463395118713,
        320.6903097629547,
        317.7090587615967,
        317.21257305145264,
        319.7983863353729,
        317.49554204940796,
        316.0022737979889,
        306.9200689792633,
        302.16500091552734,
        303.6723189353943,
        304.53102374076843,
        305.7750561237335,
        305.1208379268646,
        302.73000478744507,
        301.33980894088745,
        302.95427107810974,
        301.5581681728363
    ],
    "time_per_step": 0.7807398203621101
}