{
    "training_loss": "[19.22617530822754, 19.384916305541992, 19.709152221679688, 20.243125915527344, 20.90273666381836, 22.069499969482422, 23.155935287475586, 24.63006019592285, 26.101272583007812, 24.942489624023438, 24.515567779541016]",
    "training_acc": "[0.40992000699043274, 0.4450399875640869, 0.44132000207901, 0.4401000142097473, 0.42993998527526855, 0.4113200008869171, 0.4057199954986572, 0.39010000228881836, 0.3738600015640259, 0.500980019569397, 0.5108000040054321]",
    "val_loss": "[20.02906608581543, 20.20179557800293, 20.848365783691406, 23.48381233215332, 23.81871223449707, 24.20108413696289, 24.78631019592285, 31.246715545654297, 46.699554443359375, 25.126178741455078, 25.368240356445312]",
    "val_acc": "[0.20759999752044678, 0.30550000071525574, 0.2985999882221222, 0.1476999968290329, 0.3305000066757202, 0.20250000059604645, 0.21770000457763672, 0.1420000046491623, 0.17149999737739563, 0.4088999927043915, 0.3601999878883362]",
    "args": {
        "model": "VGG11",
        "dataset": "cifar10",
        "strategy": "{\"optimizer\": \"sgd\", \"compression\": \"gradientsparsification\", \"learning_rate\": 0.01, \"k\": 0.005, \"max_iter\": 2}",
        "epochs": 50,
        "n_calls": null,
        "stop_patience": 10,
        "lr_decay": 3,
        "k_fold": 1,
        "lambda_l2": 0.007,
        "fullset": 100.0,
        "log": 1,
        "gpu": 1,
        "train_on_baseline": 1,
        "bayesian_search": false
    },
    "compression_rates": [
        1549.2303804494952
    ],
    "time_per_epoch": [
        201.55483198165894,
        201.9752058982849,
        204.69511604309082,
        207.43965911865234,
        207.03291702270508,
        207.01435899734497,
        208.76185488700867,
        199.6961989402771,
        194.0321478843689,
        194.91925597190857,
        194.41029500961304
    ],
    "time_per_step": 0.5030399530162869
}