{
    "training_loss": "[18.336864471435547, 17.650890350341797, 17.30678939819336, 17.133398056030273, 16.990781784057617, 16.913524627685547, 16.842926025390625, 16.80392837524414, 16.770702362060547, 16.735170364379883, 16.701614379882812, 16.661895751953125, 16.657106399536133, 16.62392234802246, 16.625940322875977, 16.592811584472656, 16.579330444335938, 16.554628372192383, 16.54636573791504, 16.539255142211914, 16.513160705566406, 16.542829513549805, 16.51823616027832, 16.50042724609375]",
    "training_acc": "[0.46285998821258545, 0.5835999846458435, 0.6416599750518799, 0.6657800078392029, 0.6927800178527832, 0.7006999850273132, 0.7171000242233276, 0.7220600247383118, 0.7289599776268005, 0.7325599789619446, 0.7415000200271606, 0.7480400204658508, 0.7489399909973145, 0.7555800080299377, 0.7521600127220154, 0.7618600130081177, 0.7613400220870972, 0.7659400105476379, 0.769599974155426, 0.7663599848747253, 0.7738800048828125, 0.7684400081634521, 0.7759799957275391, 0.7792400121688843]",
    "val_loss": "[18.652740478515625, 18.34385108947754, 17.628211975097656, 17.666526794433594, 17.737180709838867, 17.518840789794922, 17.949491500854492, 18.169034957885742, 18.908742904663086, 17.78883934020996, 17.26163673400879, 17.356355667114258, 18.478530883789062, 17.036245346069336, 17.872438430786133, 17.64607810974121, 17.33068084716797, 17.553680419921875, 17.688692092895508, 17.910690307617188, 18.16956329345703, 17.602094650268555, 17.1200008392334, 17.70319938659668]",
    "val_acc": "[0.3086000084877014, 0.3950999975204468, 0.5062999725341797, 0.48350000381469727, 0.4300000071525574, 0.5062999725341797, 0.42309999465942383, 0.33649998903274536, 0.30640000104904175, 0.4311000108718872, 0.5493999719619751, 0.5364000201225281, 0.3564999997615814, 0.6202999949455261, 0.43050000071525574, 0.47620001435279846, 0.5317999720573425, 0.5005999803543091, 0.477400004863739, 0.4171000123023987, 0.3984000086784363, 0.47519999742507935, 0.5817999839782715, 0.4636000096797943]",
    "args": {
        "model": "VGG11",
        "dataset": "cifar10",
        "strategy": "{\"optimizer\": \"fetchsgd\", \"compression\": \"none\", \"learning_rate\": 0.01, \"c\": 250000, \"r\": 1,\n                      \"topk\": 8333, \"momentum\": 0.9}",
        "epochs": 50,
        "n_calls": null,
        "stop_patience": 10,
        "lr_decay": 3,
        "k_fold": 1,
        "lambda_l2": 0.007,
        "fullset": 100.0,
        "log": 1,
        "gpu": 1,
        "train_on_baseline": 1,
        "bayesian_search": false
    },
    "compression_rates": [
        1.497452879406664
    ],
    "time_per_epoch": [
        309.3553879261017,
        297.92538595199585,
        289.328754901886,
        294.9490592479706,
        277.6988878250122,
        264.43469405174255,
        263.38843512535095,
        259.0574269294739,
        283.4556710720062,
        287.7361309528351,
        266.0082998275757,
        261.25443506240845,
        262.5392687320709,
        260.5951232910156,
        265.75060296058655,
        258.1679491996765,
        266.24486207962036,
        260.486310005188,
        260.4264929294586,
        259.8687219619751,
        261.76319003105164,
        262.56136775016785,
        268.55233693122864,
        269.38862586021423
    ],
    "time_per_step": 0.6796177081947945
}