{
    "training_loss": "[3.4246866703033447, 3.220311164855957, 3.1823859214782715, 3.170969247817993, 3.158919334411621, 3.1614089012145996, 3.1464431285858154, 3.1464786529541016, 3.1436121463775635, 3.1597495079040527, 3.1513473987579346, 3.1509997844696045, 3.1591243743896484, 3.1666982173919678, 3.1717429161071777, 3.167125940322876, 3.1798059940338135, 3.179255247116089, 3.1844427585601807]",
    "training_acc": "[0.864383339881897, 0.9125999808311462, 0.9198833107948303, 0.9211999773979187, 0.92576664686203, 0.9256333112716675, 0.9302999973297119, 0.9300833344459534, 0.932366669178009, 0.9304500222206116, 0.9336833357810974, 0.9332666397094727, 0.9322333335876465, 0.932033360004425, 0.9316333532333374, 0.9337166547775269, 0.9319000244140625, 0.9335166811943054, 0.9333000183105469]",
    "val_loss": "[3.208449125289917, 3.193432569503784, 3.128147602081299, 3.1576597690582275, 3.176278829574585, 3.1492855548858643, 3.112605333328247, 3.117450475692749, 3.1012229919433594, 3.129063367843628, 3.1241118907928467, 3.131653070449829, 3.196773052215576, 3.114250898361206, 3.163564443588257, 3.1434714794158936, 3.137559413909912, 3.150797128677368, 3.1491034030914307]",
    "val_acc": "[0.9128999710083008, 0.9203000068664551, 0.9355000257492065, 0.9359999895095825, 0.9176999926567078, 0.9372000098228455, 0.9423999786376953, 0.9373000264167786, 0.9462000131607056, 0.9412999749183655, 0.9438999891281128, 0.941100001335144, 0.9246000051498413, 0.9467999935150146, 0.9337000250816345, 0.940500020980835, 0.9451000094413757, 0.9413999915122986, 0.9483000040054321]",
    "args": {
        "model": "LeNet",
        "dataset": "mnist",
        "strategy": "{\"optimizer\": \"fetchsgd\", \"compression\": \"none\", \"learning_rate\": 0.01, \"c\": 1000, \"r\": 1,\n                \"topk\": 1000, \"momentum\": 0.9}",
        "epochs": 45,
        "n_calls": null,
        "stop_patience": 10,
        "lr_decay": 3,
        "k_fold": 1,
        "lambda_l2": 0.01,
        "fullset": 100.0,
        "log": 1,
        "gpu": null,
        "train_on_baseline": 2,
        "bayesian_search": false
    },
    "compression_rates": [
        6.323323895812812
    ],
    "time_per_epoch": [
        49.930119037628174,
        49.68909215927124,
        51.68600392341614,
        53.97550702095032,
        55.30511116981506,
        57.1595561504364,
        58.9962899684906,
        57.02275776863098,
        61.34683609008789,
        58.29819703102112,
        58.66338276863098,
        60.80275893211365,
        60.0892071723938,
        58.022640228271484,
        57.19967722892761,
        58.30897903442383,
        57.6731219291687,
        55.86104869842529,
        55.98746991157532
    ],
    "time_per_step": 0.02909638323198285
}