{
    "training_loss": "[14.907511711120605, 16.41385841369629, 18.116352081298828, 19.599855422973633, 19.658935546875, 19.041452407836914, 18.469966888427734, 17.91706657409668, 17.38463592529297, 16.8698787689209, 16.370399475097656]",
    "training_acc": "[0.42320001125335693, 0.5963799953460693, 0.6775400042533875, 0.7203800082206726, 0.8315799832344055, 0.8622999787330627, 0.8817200064659119, 0.9031999707221985, 0.9224399924278259, 0.9398000240325928, 0.9583200216293335]",
    "val_loss": "[15.945398330688477, 18.452983856201172, 19.26898956298828, 20.566043853759766, 19.501035690307617, 18.967975616455078, 18.45356559753418, 17.949323654174805, 17.502626419067383, 17.026569366455078, 16.59225845336914]",
    "val_acc": "[0.3878999948501587, 0.3846000134944916, 0.5961999893188477, 0.6172000169754028, 0.7919999957084656, 0.7939000129699707, 0.8001000285148621, 0.8007000088691711, 0.7922000288963318, 0.7991999983787537, 0.8029999732971191]",
    "args": {
        "model": "ResNet18",
        "dataset": "cifar10",
        "strategy": "{\"optimizer\": \"sgd\", \"compression\": \"vqsgd\", \"learning_rate\": 0.1, \"repetition\": 10000}",
        "epochs": 45,
        "n_calls": null,
        "stop_patience": 10,
        "lr_decay": 3,
        "k_fold": 1,
        "lambda_l2": 0.00196,
        "fullset": 100.0,
        "log": 1,
        "gpu": 1,
        "train_on_baseline": 1,
        "bayesian_search": false
    },
    "compression_rates": [
        27.83355028155238
    ],
    "time_per_epoch": [
        497.58018684387207,
        483.78295493125916,
        485.80532813072205,
        483.25599479675293,
        461.68188190460205,
        433.15776205062866,
        432.30999279022217,
        429.5920250415802,
        432.2553017139435,
        433.2943859100342,
        433.8783049583435
    ],
    "time_per_step": 1.1437180702477325
}