{
    "training_loss": "[5.738511085510254, 5.5497541427612305, 5.507559299468994, 5.484354496002197, 5.415553569793701, 5.370518684387207, 5.370429515838623, 5.3329668045043945, 5.301370620727539, 5.301125526428223, 5.255543231964111, 5.270416736602783, 5.257579326629639, 5.2446722984313965, 5.224247932434082, 5.210921764373779, 5.1945343017578125, 5.195589542388916, 5.179806709289551, 5.177225112915039, 5.174953937530518]",
    "training_acc": "[0.46931999921798706, 0.5881800055503845, 0.6253600120544434, 0.6454799771308899, 0.6630600094795227, 0.6778200268745422, 0.6782000064849854, 0.6845600008964539, 0.6945800185203552, 0.6959599852561951, 0.7035599946975708, 0.7013000249862671, 0.7058799862861633, 0.7084800004959106, 0.7141799926757812, 0.7146999835968018, 0.7160000205039978, 0.7177799940109253, 0.7220799922943115, 0.7193800210952759, 0.7249400019645691]",
    "val_loss": "[6.005796909332275, 6.273591995239258, 6.491352558135986, 6.2972846031188965, 6.91630220413208, 5.933337688446045, 6.002501964569092, 5.996116638183594, 5.659188747406006, 5.745820999145508, 5.627341270446777, 5.751762390136719, 5.873045921325684, 5.65518856048584, 6.081488609313965, 5.896737098693848, 5.974621295928955, 5.6994476318359375, 5.8896708488464355, 5.680358409881592, 5.72592306137085]",
    "val_acc": "[0.4146000146865845, 0.3889000117778778, 0.40869998931884766, 0.4408999979496002, 0.29030001163482666, 0.5277000069618225, 0.5, 0.4629000127315521, 0.5726000070571899, 0.553600013256073, 0.5784000158309937, 0.5565000176429749, 0.5048999786376953, 0.567300021648407, 0.48890000581741333, 0.5034999847412109, 0.49570000171661377, 0.5536999702453613, 0.5110999941825867, 0.5541999936103821, 0.5530999898910522]",
    "args": {
        "model": "VGG11",
        "dataset": "cifar10",
        "strategy": "{\"optimizer\": \"fetchsgd\", \"compression\": \"none\", \"learning_rate\": 0.01, \"c\": 25000, \"r\": 1,\n                      \"topk\": 25000, \"momentum\": 0.9}",
        "epochs": 50,
        "n_calls": null,
        "stop_patience": 10,
        "lr_decay": 3,
        "k_fold": 1,
        "lambda_l2": 0.0015,
        "fullset": 100.0,
        "log": 1,
        "gpu": 1,
        "train_on_baseline": 1,
        "bayesian_search": false
    },
    "compression_rates": [
        11.263537059570993
    ],
    "time_per_epoch": [
        202.0701630115509,
        202.73485589027405,
        203.73050379753113,
        205.5993287563324,
        205.75565886497498,
        204.95380783081055,
        206.30004692077637,
        204.61577582359314,
        204.06921195983887,
        205.17990970611572,
        204.33592295646667,
        204.89934492111206,
        206.18453407287598,
        204.16551899909973,
        204.55768394470215,
        204.8647608757019,
        201.8327169418335,
        204.06318497657776,
        204.83692288398743,
        204.1239321231842,
        204.86983394622803
    ],
    "time_per_step": 0.511706133473008
}