{
    "training_loss": "[17.896625518798828, 17.043292999267578, 16.8636417388916, 16.78289794921875, 16.76725196838379, 16.748409271240234, 16.73799705505371, 16.748939514160156, 16.72637367248535, 16.691633224487305, 16.67888069152832, 16.69230079650879, 16.659666061401367]",
    "training_acc": "[0.48956000804901123, 0.6034600138664246, 0.6351400017738342, 0.651960015296936, 0.6611400246620178, 0.6651600003242493, 0.6668400168418884, 0.669979989528656, 0.6748600006103516, 0.6794800162315369, 0.6867799758911133, 0.6845600008964539, 0.6868600249290466]",
    "val_loss": "[18.939369201660156, 17.92496109008789, 17.156827926635742, 17.282672882080078, 17.3040714263916, 19.02931785583496, 17.643630981445312, 18.516979217529297, 18.53264617919922, 18.13368034362793, 17.290771484375, 17.394264221191406, 19.04735565185547]",
    "val_acc": "[0.1550000011920929, 0.39570000767707825, 0.5004000067710876, 0.47380000352859497, 0.453900009393692, 0.2635999917984009, 0.3601999878883362, 0.3598000109195709, 0.25, 0.3221000134944916, 0.474700003862381, 0.4580000042915344, 0.27070000767707825]",
    "args": {
        "model": "VGG11",
        "dataset": "cifar10",
        "strategy": "{\"optimizer\": \"fetchsgd\", \"compression\": \"none\", \"learning_rate\": 0.01, \"c\": 100000, \"r\": 1,\n                      \"topk\": 100000, \"momentum\": 0.9}",
        "epochs": 50,
        "n_calls": null,
        "stop_patience": 10,
        "lr_decay": 3,
        "k_fold": 1,
        "lambda_l2": 0.007,
        "fullset": 100.0,
        "log": 1,
        "gpu": 1,
        "train_on_baseline": 1,
        "bayesian_search": false
    },
    "compression_rates": [
        3.1143925498509235
    ],
    "time_per_epoch": [
        235.66853713989258,
        238.48795175552368,
        237.9039659500122,
        238.88762712478638,
        239.7378969192505,
        237.21753406524658,
        238.1694107055664,
        238.71342206001282,
        238.97991704940796,
        237.7319416999817,
        240.82248401641846,
        238.95680212974548,
        240.33217024803162
    ],
    "time_per_step": 0.5975139263505052
}