{
    "training_loss": "[6.151854515075684, 6.175124168395996, 6.164035797119141, 6.117927074432373, 6.07560920715332, 6.042421340942383, 5.99159574508667, 6.011409282684326, 5.968588352203369, 5.930408954620361, 5.898537635803223, 5.851371765136719, 5.853910446166992, 5.85616397857666, 5.822553634643555, 5.798455715179443]",
    "training_acc": "[0.38749998807907104, 0.46908000111579895, 0.4940199851989746, 0.5196400284767151, 0.5366399884223938, 0.5474200248718262, 0.5625399947166443, 0.5642600059509277, 0.5758000016212463, 0.5829399824142456, 0.5907400250434875, 0.596019983291626, 0.597760021686554, 0.5986800193786621, 0.6061199903488159, 0.608519971370697]",
    "val_loss": "[6.482769012451172, 6.542045593261719, 6.67334508895874, 6.522746562957764, 6.689538478851318, 6.1326117515563965, 6.3419952392578125, 6.527182579040527, 6.764604568481445, 6.179664134979248, 6.616136074066162, 6.301754951477051, 6.264571666717529, 6.405710697174072, 6.575198650360107, 6.338494300842285]",
    "val_acc": "[0.3255000114440918, 0.36550000309944153, 0.3443000018596649, 0.37950000166893005, 0.3596000075340271, 0.510200023651123, 0.45320001244544983, 0.41769999265670776, 0.36800000071525574, 0.49959999322891235, 0.38119998574256897, 0.4618000090122223, 0.4959999918937683, 0.42879998683929443, 0.3790000081062317, 0.4214000105857849]",
    "args": {
        "model": "VGG11",
        "dataset": "cifar10",
        "strategy": "{\"optimizer\": \"fetchsgd\", \"compression\": \"none\", \"learning_rate\": 0.01, \"c\": 5000, \"r\": 1,\n                      \"topk\": 5000, \"momentum\": 0.9}",
        "epochs": 50,
        "n_calls": null,
        "stop_patience": 10,
        "lr_decay": 3,
        "k_fold": 1,
        "lambda_l2": 0.0015,
        "fullset": 100.0,
        "log": 1,
        "gpu": 1,
        "train_on_baseline": 1,
        "bayesian_search": false
    },
    "compression_rates": [
        54.635389139304806
    ],
    "time_per_epoch": [
        178.796071767807,
        179.89905166625977,
        180.29566597938538,
        180.23596477508545,
        181.448086977005,
        179.92670726776123,
        178.8632071018219,
        178.89655113220215,
        179.9137499332428,
        180.8666820526123,
        181.45392990112305,
        180.42296314239502,
        181.73178434371948,
        181.34836411476135,
        180.6648509502411,
        180.10407781600952
    ],
    "time_per_step": 0.450057938504402
}