{
    "training_loss": "[6.183166027069092, 29245.69140625, 3266.325439453125, 3133.661865234375, 3097.227783203125, 3078.28662109375, 3066.337646484375, 3058.2451171875, 3052.5908203125, 3048.5693359375, 3045.66748046875]",
    "training_acc": "[0.3799999952316284, 0.09876000136137009, 0.09780000150203705, 0.09731999784708023, 0.09837999939918518, 0.09845999628305435, 0.09818000346422195, 0.09873999655246735, 0.09873999655246735, 0.10057999938726425, 0.096220001578331]",
    "val_loss": "[127.31382751464844, 3485.28759765625, 3165.84619140625, 3110.69189453125, 3086.125, 3071.481689453125, 3061.781494140625, 3055.07958984375, 3050.35009765625, 3046.959228515625, 3044.49609375]",
    "val_acc": "[0.11140000075101852, 0.10000000149011612, 0.10000000149011612, 0.10000000149011612, 0.10000000149011612, 0.10000000149011612, 0.10000000149011612, 0.10000000149011612, 0.10000000149011612, 0.10000000149011612, 0.10000000149011612]",
    "args": {
        "model": "VGG11",
        "dataset": "cifar10",
        "strategy": "{\"optimizer\": \"fetchsgd\", \"compression\": \"none\", \"learning_rate\": 0.01, \"c\": 5000, \"r\": 1,\n                      \"topk\": 5000, \"momentum\": 0.9}",
        "epochs": 50,
        "n_calls": null,
        "stop_patience": 10,
        "lr_decay": 3,
        "k_fold": 1,
        "lambda_l2": 0.0015,
        "fullset": 100.0,
        "log": 1,
        "gpu": 1,
        "train_on_baseline": 1,
        "bayesian_search": false
    },
    "compression_rates": [
        54.6344827163237
    ],
    "time_per_epoch": [
        184.34302592277527,
        186.02118015289307,
        184.47038102149963,
        185.0284607410431,
        184.49712896347046,
        184.97395086288452,
        182.8504490852356,
        176.30824303627014,
        176.47052907943726,
        175.4904179573059,
        176.8275179862976
    ],
    "time_per_step": 0.4531120913052553
}