{
    "training_loss": "[19.16350555419922, 19.204792022705078, 19.647375106811523, 22.137357711791992, 28.4727725982666, 41.23286819458008, 61.373313903808594, 92.04405212402344, 123.36756134033203, 92.72119903564453, 94.01981353759766]",
    "training_acc": "[0.4151400029659271, 0.4524199962615967, 0.4449000060558319, 0.38718000054359436, 0.3498600125312805, 0.28591999411582947, 0.28648000955581665, 0.28630000352859497, 0.2876800000667572, 0.35982000827789307, 0.35332000255584717]",
    "val_loss": "[20.446962356567383, 20.776168823242188, 20.701704025268555, 24.30706024169922, 44.65579605102539, 134.1138916015625, 77.09220886230469, 146.77366638183594, 574.41748046875, 84.31949615478516, 97.2406005859375]",
    "val_acc": "[0.1648000031709671, 0.24160000681877136, 0.33480000495910645, 0.29120001196861267, 0.2061000019311905, 0.10000000149011612, 0.14869999885559082, 0.1289999932050705, 0.10000000149011612, 0.15080000460147858, 0.27709999680519104]",
    "args": {
        "model": "VGG11",
        "dataset": "cifar10",
        "strategy": "{\"optimizer\": \"sgd\", \"compression\": \"gradientsparsification\", \"learning_rate\": 0.01, \"k\": 0.005, \"max_iter\": 2}",
        "epochs": 50,
        "n_calls": null,
        "stop_patience": 10,
        "lr_decay": 3,
        "k_fold": 1,
        "lambda_l2": 0.007,
        "fullset": 100.0,
        "log": 1,
        "gpu": 1,
        "train_on_baseline": 1,
        "bayesian_search": false
    },
    "compression_rates": [
        883.3033810528559
    ],
    "time_per_epoch": [
        194.00898909568787,
        194.9016740322113,
        194.21102905273438,
        194.75018095970154,
        195.25639486312866,
        196.70890498161316,
        195.7799150943756,
        196.5689799785614,
        195.0660650730133,
        194.84637427330017,
        194.6033899784088
    ],
    "time_per_step": 0.486189260174579
}