{
    "training_loss": "[nan, nan, nan, nan, nan, nan, nan, nan, nan, nan]",
    "training_acc": "[0.09994000196456909, 0.09749999642372131, 0.0975399985909462, 0.0995199978351593, 0.09950000047683716, 0.10000000149011612, 0.09907999634742737, 0.09923999756574631, 0.09916000068187714, 0.09984000027179718]",
    "val_loss": "[nan, nan, nan, nan, nan, nan, nan, nan, nan, nan]",
    "val_acc": "[0.10000000149011612, 0.10000000149011612, 0.10000000149011612, 0.10000000149011612, 0.10000000149011612, 0.10000000149011612, 0.10000000149011612, 0.10000000149011612, 0.10000000149011612, 0.10000000149011612]",
    "args": {
        "model": "ResNet18",
        "dataset": "cifar10",
        "strategy": "{\"optimizer\": \"sgd\", \"compression\": \"terngrad\", \"learning_rate\": 0.1, \"clip\": 2.5}",
        "epochs": 45,
        "n_calls": null,
        "stop_patience": 10,
        "lr_decay": 3,
        "k_fold": 1,
        "lambda_l2": 0.00196,
        "fullset": 100.0,
        "log": 1,
        "gpu": 1,
        "train_on_baseline": 1,
        "bayesian_search": false
    },
    "compression_rates": [
        20.18975211428664
    ],
    "time_per_epoch": [
        194.76074981689453,
        185.53946495056152,
        184.49861025810242,
        185.35256791114807,
        184.755273103714,
        185.17232489585876,
        185.2023150920868,
        184.84051489830017,
        185.13369131088257,
        185.21803283691406
    ],
    "time_per_step": 0.45352748220838857
}