{
    "training_loss": "[5.935196876525879, 5.879799842834473, 5.836044788360596, 5.781416416168213, 5.7457661628723145, 5.702258110046387, 5.705633640289307, 5.6425700187683105, 5.591438293457031, 5.57719612121582, 5.576171875, 5.580538749694824, 5.5250349044799805, 5.517437934875488, 5.50736665725708, 5.491869926452637, 5.4679718017578125, 5.455837726593018, 5.4365410804748535, 5.444349765777588]",
    "training_acc": "[0.43154001235961914, 0.5238199830055237, 0.5577999949455261, 0.5863800048828125, 0.6035199761390686, 0.6147800087928772, 0.6231200098991394, 0.6330400109291077, 0.6411200165748596, 0.649179995059967, 0.6494600176811218, 0.6474400162696838, 0.6530200242996216, 0.651960015296936, 0.6602399945259094, 0.6623200178146362, 0.6672000288963318, 0.6683599948883057, 0.6694200038909912, 0.6678599715232849]",
    "val_loss": "[6.542702674865723, 7.783420085906982, 6.1877827644348145, 6.271300792694092, 6.809069633483887, 6.409935474395752, 6.172730922698975, 6.22916841506958, 6.043971061706543, 5.72141695022583, 6.060707092285156, 6.00348424911499, 7.087667942047119, 6.0408124923706055, 6.279592990875244, 6.0427327156066895, 6.629159927368164, 5.8436102867126465, 5.928273677825928, 6.537332534790039]",
    "val_acc": "[0.3165999948978424, 0.2142000049352646, 0.45739999413490295, 0.4375, 0.37209999561309814, 0.4058000147342682, 0.47040000557899475, 0.45969998836517334, 0.5031999945640564, 0.5900999903678894, 0.5, 0.5113999843597412, 0.3402999937534332, 0.483599990606308, 0.4361000061035156, 0.4740999937057495, 0.35760000348091125, 0.5271999835968018, 0.5425000190734863, 0.40369999408721924]",
    "args": {
        "model": "VGG11",
        "dataset": "cifar10",
        "strategy": "{\"optimizer\": \"fetchsgd\", \"compression\": \"none\", \"learning_rate\": 0.01, \"c\": 10000, \"r\": 1,\n                      \"topk\": 10000, \"momentum\": 0.9}",
        "epochs": 50,
        "n_calls": null,
        "stop_patience": 10,
        "lr_decay": 3,
        "k_fold": 1,
        "lambda_l2": 0.0015,
        "fullset": 100.0,
        "log": 1,
        "gpu": 1,
        "train_on_baseline": 1,
        "bayesian_search": false
    },
    "compression_rates": [
        27.511111853296654
    ],
    "time_per_epoch": [
        182.07389211654663,
        181.8775007724762,
        181.89585208892822,
        183.40065026283264,
        183.7088429927826,
        184.81284713745117,
        184.7285759449005,
        182.7774851322174,
        184.42604279518127,
        184.4796600341797,
        185.23764991760254,
        183.03870916366577,
        185.30033898353577,
        184.88372993469238,
        183.66779685020447,
        183.9833688735962,
        184.09726905822754,
        183.56079483032227,
        183.7762429714203,
        183.84026098251343
    ],
    "time_per_step": 0.4591635614100015
}