{
    "training_loss": "[1779.979248046875, 48600186880.0, 30896410.0, 11412337328128.0, 122454458368.0, 2852658610176.0, nan, nan, nan, nan, nan]",
    "training_acc": "[0.31793999671936035, 0.2625400125980377, 0.19888000190258026, 0.1492599993944168, 0.22924000024795532, 0.23970000445842743, 0.10090000182390213, 0.09960000216960907, 0.09775999933481216, 0.09989999979734421, 0.09905999898910522]",
    "val_loss": "[484868.90625, 29970914.0, 29954136.0, 128885268480.0, 119241056256.0, 121787392000.0, nan, nan, nan, nan, nan]",
    "val_acc": "[0.12880000472068787, 0.10000000149011612, 0.10000000149011612, 0.10000000149011612, 0.1501999944448471, 0.10000000149011612, 0.10000000149011612, 0.10000000149011612, 0.10000000149011612, 0.10000000149011612, 0.10000000149011612]",
    "args": {
        "model": "VGG11",
        "dataset": "cifar10",
        "strategy": "{\"optimizer\": \"fetchsgd\", \"compression\": \"none\", \"learning_rate\": 0.01, \"c\": 10000, \"r\": 1,\n                      \"topk\": 10000, \"momentum\": 0.9}",
        "epochs": 50,
        "n_calls": null,
        "stop_patience": 10,
        "lr_decay": 3,
        "k_fold": 1,
        "lambda_l2": 0.0015,
        "fullset": 100.0,
        "log": 1,
        "gpu": 1,
        "train_on_baseline": 1,
        "bayesian_search": false
    },
    "compression_rates": [
        27.512901578556775
    ],
    "time_per_epoch": [
        196.10097789764404,
        194.88431787490845,
        197.1769380569458,
        193.59239220619202,
        194.44222712516785,
        193.82368993759155,
        177.13112211227417,
        175.67864179611206,
        176.25253820419312,
        174.99700903892517,
        175.61309599876404
    ],
    "time_per_step": 0.46480186272155294
}