{
    "training_loss": "[15.976912498474121, 13.90109634399414, 13.389710426330566, 13.21690845489502, 13.114258766174316, 13.078697204589844, 13.031047821044922, 13.007587432861328, 12.985966682434082, 12.96862506866455, 12.932723999023438, 12.932154655456543, 12.926946640014648, 12.901759147644043, 12.908188819885254, 12.899768829345703, 12.878596305847168, 12.881290435791016, 12.870903968811035]",
    "training_acc": "[0.5037999749183655, 0.6428400278091431, 0.6851400136947632, 0.705020010471344, 0.7156599760055542, 0.720579981803894, 0.7318800091743469, 0.7353000044822693, 0.7405800223350525, 0.7433000206947327, 0.7483599781990051, 0.7505599856376648, 0.7511399984359741, 0.7546799778938293, 0.753279983997345, 0.7570000290870667, 0.762220025062561, 0.760420024394989, 0.760860025882721]",
    "val_loss": "[15.659713745117188, 14.55903434753418, 13.906947135925293, 13.492507934570312, 14.572784423828125, 15.08143138885498, 13.565535545349121, 13.732087135314941, 13.480840682983398, 14.194756507873535, 14.288606643676758, 14.28463077545166, 13.901817321777344, 13.966867446899414, 14.791911125183105, 15.2197265625, 13.55431842803955, 14.175335884094238, 15.424417495727539]",
    "val_acc": "[0.22910000383853912, 0.36329999566078186, 0.4855000078678131, 0.6086000204086304, 0.31839999556541443, 0.29649999737739563, 0.5562999844551086, 0.48240000009536743, 0.5777000188827515, 0.43700000643730164, 0.3774999976158142, 0.3806000053882599, 0.44600000977516174, 0.3828999996185303, 0.34150001406669617, 0.3034999966621399, 0.5523999929428101, 0.4325999915599823, 0.2538999915122986]",
    "args": {
        "model": "VGG11",
        "dataset": "cifar10",
        "strategy": "{\"optimizer\": \"fetchsgd\", \"compression\": \"none\", \"learning_rate\": 0.01, \"c\": 500000, \"r\": 1,\n                      \"topk\": 500000, \"momentum\": 0.9}",
        "epochs": 50,
        "n_calls": null,
        "stop_patience": 10,
        "lr_decay": 3,
        "k_fold": 1,
        "lambda_l2": 0.007,
        "fullset": 100.0,
        "log": 1,
        "gpu": 1,
        "train_on_baseline": 1,
        "bayesian_search": false
    },
    "compression_rates": [
        0.9562548374959677
    ],
    "time_per_epoch": [
        307.89975023269653,
        307.7821388244629,
        309.8126211166382,
        310.843386888504,
        311.4674770832062,
        310.554878950119,
        311.15954780578613,
        310.37318229675293,
        311.941428899765,
        312.235995054245,
        311.97941994667053,
        308.36062002182007,
        312.86957693099976,
        312.3087468147278,
        312.99591517448425,
        312.54906392097473,
        312.0796527862549,
        312.07936096191406,
        313.81128907203674
    ],
    "time_per_step": 0.7834670290457222
}