{
    "training_loss": "[19.213634490966797, 19.364994049072266, 19.645000457763672, 20.224802017211914, 21.104267120361328, 22.084962844848633, 22.20216178894043, 22.395484924316406, 22.528860092163086, 21.752437591552734, 21.541221618652344, 21.462209701538086]",
    "training_acc": "[0.4165799915790558, 0.45103999972343445, 0.46386000514030457, 0.4643400013446808, 0.4601599872112274, 0.45537999272346497, 0.45735999941825867, 0.46347999572753906, 0.47407999634742737, 0.5607600212097168, 0.5640599727630615, 0.5648999810218811]",
    "val_loss": "[21.3405818939209, 20.03725814819336, 20.887325286865234, 23.56678581237793, 24.860929489135742, 22.3995361328125, 24.87816047668457, 26.698471069335938, 24.239641189575195, 22.14082908630371, 22.254100799560547, 22.146169662475586]",
    "val_acc": "[0.10989999771118164, 0.3368000090122223, 0.2768000066280365, 0.14480000734329224, 0.15559999644756317, 0.38350000977516174, 0.33480000495910645, 0.16840000450611115, 0.2459000051021576, 0.46549999713897705, 0.4052000045776367, 0.41780000925064087]",
    "args": {
        "model": "VGG11",
        "dataset": "cifar10",
        "strategy": "{\"optimizer\": \"sgd\", \"compression\": \"gradientsparsification\", \"learning_rate\": 0.01, \"k\": 0.005, \"max_iter\": 2}",
        "epochs": 50,
        "n_calls": null,
        "stop_patience": 10,
        "lr_decay": 3,
        "k_fold": 1,
        "lambda_l2": 0.007,
        "fullset": 100.0,
        "log": 1,
        "gpu": 1,
        "train_on_baseline": 1,
        "bayesian_search": false
    },
    "compression_rates": [
        1704.2932392990265
    ],
    "time_per_epoch": [
        207.80328178405762,
        205.71595215797424,
        209.74926781654358,
        207.1024990081787,
        208.37619495391846,
        207.620512008667,
        207.67948293685913,
        209.00458812713623,
        208.11519312858582,
        208.11687183380127,
        207.4032211303711,
        208.14145421981812
    ],
    "time_per_step": 0.5178510159990874
}