{
    "training_loss": "[17.742290496826172, 19.94382667541504, 21.46434783935547, 22.56630516052246, 23.093399047851562, 23.45301055908203, 23.715103149414062, 24.042062759399414, 24.307100296020508, 24.37590789794922, 24.25009536743164, 24.304222106933594, 24.35894203186035, 24.31810760498047, 24.302852630615234, 23.442710876464844]",
    "training_acc": "[0.4385400116443634, 0.5992199778556824, 0.6612799763679504, 0.6981199979782104, 0.7169600129127502, 0.7325199842453003, 0.7418599724769592, 0.7462800145149231, 0.7520599961280823, 0.7593600153923035, 0.764680027961731, 0.7663599848747253, 0.7688999772071838, 0.7708799839019775, 0.7748600244522095, 0.8602799773216248]",
    "val_loss": "[20.00155258178711, 22.226593017578125, 23.073001861572266, 23.811397552490234, 24.594858169555664, 24.1223087310791, 24.65485954284668, 27.81102752685547, 25.579620361328125, 25.13433837890625, 25.070234298706055, 25.162120819091797, 25.031747817993164, 25.3294734954834, 27.302988052368164, 23.04357147216797]",
    "val_acc": "[0.2329999953508377, 0.3158000111579895, 0.45399999618530273, 0.4422999918460846, 0.46399998664855957, 0.583899974822998, 0.5195000171661377, 0.19529999792575836, 0.41119998693466187, 0.5394999980926514, 0.5546000003814697, 0.5339000225067139, 0.5683000087738037, 0.519599974155426, 0.259799987077713, 0.7914000153541565]",
    "args": {
        "model": "VGG11",
        "dataset": "cifar10",
        "strategy": "{\"optimizer\": \"sgd\", \"compression\": \"vqsgd\", \"learning_rate\": 0.05, \"repetition\": 20000}",
        "epochs": 40,
        "n_calls": null,
        "stop_patience": 15,
        "lr_decay": 3,
        "k_fold": 1,
        "lambda_l2": 0.004,
        "fullset": 100.0,
        "log": 1,
        "gpu": 1,
        "train_on_baseline": 1,
        "bayesian_search": false
    },
    "compression_rates": [
        20.742351882246407
    ],
    "setup": {
        "batch_size": 128,
        "lr_decay": [
            15,
            30
        ],
        "drop_factor": 0.2,
        "min_lr": 0.0005000000000000001
    },
    "time_per_epoch": [
        370.8625771999359,
        358.59937620162964,
        360.9457468986511,
        359.7851641178131,
        357.3911030292511,
        361.82298398017883,
        366.04062008857727,
        364.0691089630127,
        362.15574193000793,
        364.1305968761444,
        361.1872489452362,
        362.13078808784485,
        361.7727608680725,
        362.5640468597412,
        362.1707227230072,
        362.1490921974182
    ],
    "time_per_step": 0.91354501049232
}