{
    "training_loss": "[49.454368591308594, 72.0188217163086, 83.39363861083984, 89.22322082519531, 91.90180969238281, 93.3008804321289, 93.99311828613281, 94.13400268554688, 93.70620727539062, 92.9936294555664, 91.93070983886719, 90.77129364013672, 90.42835235595703, 89.5623779296875, 88.86128997802734, 86.35426330566406]",
    "training_acc": "[0.38872000575065613, 0.513480007648468, 0.5674999952316284, 0.5987600088119507, 0.6234800219535828, 0.6360999941825867, 0.6478599905967712, 0.6507599949836731, 0.6658200025558472, 0.6649799942970276, 0.6749600172042847, 0.6729599833488464, 0.6758599877357483, 0.6783999800682068, 0.6793799996376038, 0.7612199783325195]",
    "val_loss": "[65.66544342041016, 80.22119140625, 87.70664978027344, 91.52542114257812, 93.83528137207031, 95.07599639892578, 94.61669921875, 94.90950775146484, 94.94173431396484, 94.58390045166016, 91.75209045410156, 91.3458480834961, 90.99542236328125, 90.1802978515625, 90.90536499023438, 84.2144775390625]",
    "val_acc": "[0.20749999582767487, 0.30979999899864197, 0.47040000557899475, 0.47369998693466187, 0.4090999960899353, 0.35910001397132874, 0.44190001487731934, 0.5023000240325928, 0.3700999915599823, 0.36970001459121704, 0.48489999771118164, 0.47870001196861267, 0.5123000144958496, 0.4916999936103821, 0.3068000078201294, 0.704800009727478]",
    "args": {
        "model": "VGG11",
        "dataset": "cifar10",
        "strategy": "{\"optimizer\": \"sgd\", \"compression\": \"vqsgd\", \"learning_rate\": 0.05, \"repetition\": 5000}",
        "epochs": 40,
        "n_calls": null,
        "stop_patience": 15,
        "lr_decay": 3,
        "k_fold": 1,
        "lambda_l2": 0.004,
        "fullset": 100.0,
        "log": 1,
        "gpu": 1,
        "train_on_baseline": 1,
        "bayesian_search": false
    },
    "compression_rates": [
        80.62998705878881
    ],
    "setup": {
        "batch_size": 128,
        "lr_decay": [
            15,
            30
        ],
        "drop_factor": 0.2,
        "min_lr": 0.0005000000000000001
    },
    "time_per_epoch": [
        292.8306529521942,
        292.16828417778015,
        294.2675430774689,
        293.2869050502777,
        293.1993660926819,
        291.42083406448364,
        293.4421191215515,
        292.99801087379456,
        291.01668214797974,
        291.7724471092224,
        291.2201609611511,
        291.5242040157318,
        289.9998540878296,
        291.6900999546051,
        292.5862247943878,
        291.5873520374298
    ],
    "time_per_step": 0.7341956050728288
}