{
    "training_loss": "[17.644411087036133, 19.615224838256836, 21.109392166137695, 22.058820724487305, 22.86617088317871, 23.335783004760742, 23.808313369750977, 24.12268829345703, 24.165414810180664, 24.298290252685547, 24.32557487487793, 24.384435653686523, 24.33687973022461, 24.205162048339844, 24.277421951293945, 23.357486724853516]",
    "training_acc": "[0.43356001377105713, 0.5973799824714661, 0.6655799746513367, 0.6974200010299683, 0.7134799957275391, 0.7301200032234192, 0.737559974193573, 0.7445600032806396, 0.7576599717140198, 0.7587800025939941, 0.7648599743843079, 0.7690200209617615, 0.7719799876213074, 0.7741400003433228, 0.7737600207328796, 0.8657199740409851]",
    "val_loss": "[19.3485164642334, 21.14789581298828, 22.617860794067383, 23.873184204101562, 23.465476989746094, 24.613279342651367, 25.15658950805664, 24.89274787902832, 26.931886672973633, 24.690475463867188, 24.82512664794922, 25.8503360748291, 24.73590850830078, 25.02308464050293, 24.858413696289062, 23.213380813598633]",
    "val_acc": "[0.25540000200271606, 0.5169000029563904, 0.43369999527931213, 0.4345000088214874, 0.6139000058174133, 0.45329999923706055, 0.4507000148296356, 0.5299000144004822, 0.27480000257492065, 0.6608999967575073, 0.6489999890327454, 0.4496000111103058, 0.6492999792098999, 0.5619000196456909, 0.6244000196456909, 0.7139999866485596]",
    "args": {
        "model": "VGG11",
        "dataset": "cifar10",
        "strategy": "{\"optimizer\": \"sgd\", \"compression\": \"vqsgd\", \"learning_rate\": 0.05, \"repetition\": 20000}",
        "epochs": 40,
        "n_calls": null,
        "stop_patience": 15,
        "lr_decay": 3,
        "k_fold": 1,
        "lambda_l2": 0.004,
        "fullset": 100.0,
        "log": 1,
        "gpu": 1,
        "train_on_baseline": 1,
        "bayesian_search": false
    },
    "compression_rates": [
        20.742351882246407
    ],
    "setup": {
        "batch_size": 128,
        "lr_decay": [
            15,
            30
        ],
        "drop_factor": 0.2,
        "min_lr": 0.0005000000000000001
    },
    "time_per_epoch": [
        356.58964800834656,
        358.43222999572754,
        358.283757686615,
        356.8909571170807,
        356.96362709999084,
        355.8598680496216,
        357.0406529903412,
        359.75888323783875,
        359.82786774635315,
        358.79365611076355,
        358.9785900115967,
        358.87325716018677,
        359.15531492233276,
        361.4951651096344,
        361.275826215744,
        360.97128200531006
    ],
    "time_per_step": 0.904306543605102
}