{
    "training_loss": "[24.161975860595703, 32.5577507019043, 37.852989196777344, 41.057186126708984, 43.227603912353516, 44.65119552612305, 46.00681686401367, 46.34946060180664, 46.79841613769531, 47.13298034667969, 46.98429870605469, 46.64848327636719, 46.57368850708008, 46.48731994628906, 46.434566497802734, 45.01803970336914]",
    "training_acc": "[0.4201200008392334, 0.5706800222396851, 0.6261399984359741, 0.6597999930381775, 0.673799991607666, 0.6864200234413147, 0.6954799890518188, 0.7054200172424316, 0.7045199871063232, 0.7114999890327454, 0.713699996471405, 0.72052001953125, 0.7217599749565125, 0.7267799973487854, 0.727180004119873, 0.8146799802780151]",
    "val_loss": "[30.161611557006836, 40.54710006713867, 40.279293060302734, 46.78694152832031, 44.656890869140625, 47.95016860961914, 47.308555603027344, 47.80661392211914, 49.30744934082031, 48.01279830932617, 47.98348617553711, 47.10123062133789, 51.40952682495117, 46.70982360839844, 47.00502395629883, 44.021697998046875]",
    "val_acc": "[0.21770000457763672, 0.17839999496936798, 0.4830000102519989, 0.13979999721050262, 0.4830000102519989, 0.3021000027656555, 0.42239999771118164, 0.39590001106262207, 0.2761000096797943, 0.4740000069141388, 0.4763000011444092, 0.5703999996185303, 0.1437000036239624, 0.6262000203132629, 0.5943999886512756, 0.751800000667572]",
    "args": {
        "model": "VGG11",
        "dataset": "cifar10",
        "strategy": "{\"optimizer\": \"sgd\", \"compression\": \"vqsgd\", \"learning_rate\": 0.05, \"repetition\": 10000}",
        "epochs": 40,
        "n_calls": null,
        "stop_patience": 15,
        "lr_decay": 3,
        "k_fold": 1,
        "lambda_l2": 0.004,
        "fullset": 100.0,
        "log": 1,
        "gpu": 1,
        "train_on_baseline": 1,
        "bayesian_search": false
    },
    "compression_rates": [
        40.69734647057088
    ],
    "setup": {
        "batch_size": 128,
        "lr_decay": [
            15,
            30
        ],
        "drop_factor": 0.2,
        "min_lr": 0.0005000000000000001
    },
    "time_per_epoch": [
        313.90922594070435,
        313.3590042591095,
        314.81592202186584,
        314.16654896736145,
        313.07035517692566,
        315.2032678127289,
        312.86553406715393,
        312.74741196632385,
        312.5112318992615,
        311.6847939491272,
        312.95346093177795,
        314.31896591186523,
        312.77056312561035,
        312.9324429035187,
        313.8446271419525,
        313.6071047782898
    ],
    "time_per_step": 0.7884822527465918
}